set,cohort_year,collection_key,sample_year_start,sample_week,raw_downloaders,downloaders_per_billion,itu_source_users,itu_reference_year,itu_reference_users,adjustment_factor,adjusted_downloaders
animation,2019,love-death-robots-01,2019,1,1926064,469771.707317,4.100000,2025,6.000000,1.463415,2818630.243902
animation,2019,love-death-robots-01,2019,2,3953849,964353.414634,4.100000,2025,6.000000,1.463415,5786120.487805
animation,2019,love-death-robots-01,2019,3,5451414,1329613.170732,4.100000,2025,6.000000,1.463415,7977679.024390
animation,2019,love-death-robots-01,2019,4,6819966,1663406.341463,4.100000,2025,6.000000,1.463415,9980438.048780
animation,2019,love-death-robots-01,2019,5,7908115,1928808.536585,4.100000,2025,6.000000,1.463415,11572851.219512
animation,2019,love-death-robots-01,2019,6,8884735,2167008.536585,4.100000,2025,6.000000,1.463415,13002051.219512
animation,2019,love-death-robots-01,2019,7,9667466,2357918.536585,4.100000,2025,6.000000,1.463415,14147511.219512
animation,2019,love-death-robots-01,2019,8,10429829,2543860.731707,4.100000,2025,6.000000,1.463415,15263164.390244
animation,2019,love-death-robots-01,2019,9,11114723,2710908.048780,4.100000,2025,6.000000,1.463415,16265448.292683
animation,2019,she-ra-04,2019,1,10220,2492.682927,4.100000,2025,6.000000,1.463415,14956.097561
animation,2019,she-ra-04,2019,2,28514,6954.634146,4.100000,2025,6.000000,1.463415,41727.804878
animation,2019,she-ra-04,2019,3,46873,11432.439024,4.100000,2025,6.000000,1.463415,68594.634146
animation,2019,she-ra-04,2019,4,75980,18531.707317,4.100000,2025,6.000000,1.463415,111190.243902
animation,2019,she-ra-04,2019,5,103120,25151.219512,4.100000,2025,6.000000,1.463415,150907.317073
animation,2019,she-ra-04,2019,6,129084,31483.902439,4.100000,2025,6.000000,1.463415,188903.414634
animation,2019,undone-01,2019,1,730005,178050.000000,4.100000,2025,6.000000,1.463415,1068300.000000
animation,2019,undone-01,2019,2,1489324,363249.756098,4.100000,2025,6.000000,1.463415,2179498.536585
animation,2019,undone-01,2019,3,2157817,526296.829268,4.100000,2025,6.000000,1.463415,3157780.975610
animation,2019,undone-01,2019,4,2705735,659935.365854,4.100000,2025,6.000000,1.463415,3959612.195122
animation,2019,undone-01,2019,5,3122554,761598.536585,4.100000,2025,6.000000,1.463415,4569591.219512
animation,2019,undone-01,2019,6,3618712,882612.682927,4.100000,2025,6.000000,1.463415,5295676.097561
animation,2019,undone-01,2019,7,4094628,998689.756098,4.100000,2025,6.000000,1.463415,5992138.536585
animation,2019,undone-01,2019,8,4371419,1066199.756098,4.100000,2025,6.000000,1.463415,6397198.536585
animation,2019,undone-01,2019,9,4664423,1137664.146341,4.100000,2025,6.000000,1.463415,6825984.878049
animation,2019,undone-01,2019,10,4898658,1194794.634146,4.100000,2025,6.000000,1.463415,7168767.804878
animation,2020,altered-carbon-resleeved,2020,1,194583,43240.666667,4.500000,2025,6.000000,1.333333,259444.000000
animation,2020,altered-carbon-resleeved,2020,2,324248,72055.111111,4.500000,2025,6.000000,1.333333,432330.666667
animation,2020,altered-carbon-resleeved,2020,3,475704,105712.000000,4.500000,2025,6.000000,1.333333,634272.000000
animation,2020,altered-carbon-resleeved,2020,4,629145,139810.000000,4.500000,2025,6.000000,1.333333,838860.000000
animation,2020,altered-carbon-resleeved,2020,5,755201,167822.444444,4.500000,2025,6.000000,1.333333,1006934.666667
animation,2020,altered-carbon-resleeved,2020,6,856222,190271.555556,4.500000,2025,6.000000,1.333333,1141629.333333
animation,2020,altered-carbon-resleeved,2020,7,980718,217937.333333,4.500000,2025,6.000000,1.333333,1307624.000000
animation,2020,altered-carbon-resleeved,2020,8,1102537,245008.222222,4.500000,2025,6.000000,1.333333,1470049.333333
animation,2020,altered-carbon-resleeved,2020,9,1209371,268749.111111,4.500000,2025,6.000000,1.333333,1612494.666667
animation,2020,altered-carbon-resleeved,2020,10,1294918,287759.555556,4.500000,2025,6.000000,1.333333,1726557.333333
animation,2020,bojack-horseman-06,2020,1,119518,26559.555556,4.500000,2025,6.000000,1.333333,159357.333333
animation,2020,bojack-horseman-06,2020,2,249606,55468.000000,4.500000,2025,6.000000,1.333333,332808.000000
animation,2020,bojack-horseman-06,2020,3,845485,187885.555556,4.500000,2025,6.000000,1.333333,1127313.333333
animation,2020,bojack-horseman-06,2020,4,1502238,333830.666667,4.500000,2025,6.000000,1.333333,2002984.000000
animation,2020,bojack-horseman-06,2020,5,2106681,468151.333333,4.500000,2025,6.000000,1.333333,2808908.000000
animation,2020,bojack-horseman-06,2020,6,2585098,574466.222222,4.500000,2025,6.000000,1.333333,3446797.333333
animation,2020,bojack-horseman-06,2020,7,2945898,654644.000000,4.500000,2025,6.000000,1.333333,3927864.000000
animation,2020,bojack-horseman-06,2020,8,3294424,732094.222222,4.500000,2025,6.000000,1.333333,4392565.333333
animation,2020,bojack-horseman-06,2020,9,3608666,801925.777778,4.500000,2025,6.000000,1.333333,4811554.666667
animation,2020,bojack-horseman-06,2020,10,3872634,860585.333333,4.500000,2025,6.000000,1.333333,5163512.000000
animation,2020,demon-slayer-kimetsu-no-yaiba-the-movie-mugen-train,2020,1,75493,16776.222222,4.500000,2025,6.000000,1.333333,100657.333333
animation,2020,demon-slayer-kimetsu-no-yaiba-the-movie-mugen-train,2020,2,170474,37883.111111,4.500000,2025,6.000000,1.333333,227298.666667
animation,2020,demon-slayer-kimetsu-no-yaiba-the-movie-mugen-train,2020,3,298287,66286.000000,4.500000,2025,6.000000,1.333333,397716.000000
animation,2020,demon-slayer-kimetsu-no-yaiba-the-movie-mugen-train,2020,4,439549,97677.555556,4.500000,2025,6.000000,1.333333,586065.333333
animation,2020,demon-slayer-kimetsu-no-yaiba-the-movie-mugen-train,2020,5,578202,128489.333333,4.500000,2025,6.000000,1.333333,770936.000000
animation,2020,demon-slayer-kimetsu-no-yaiba-the-movie-mugen-train,2020,6,669781,148840.222222,4.500000,2025,6.000000,1.333333,893041.333333
animation,2020,demon-slayer-kimetsu-no-yaiba-the-movie-mugen-train,2020,7,772150,171588.888889,4.500000,2025,6.000000,1.333333,1029533.333333
animation,2020,demon-slayer-kimetsu-no-yaiba-the-movie-mugen-train,2020,8,865050,192233.333333,4.500000,2025,6.000000,1.333333,1153400.000000
animation,2020,demon-slayer-kimetsu-no-yaiba-the-movie-mugen-train,2020,9,937037,208230.444444,4.500000,2025,6.000000,1.333333,1249382.666667
animation,2020,demon-slayer-kimetsu-no-yaiba-the-movie-mugen-train,2020,10,1010576,224572.444444,4.500000,2025,6.000000,1.333333,1347434.666667
animation,2020,demon-slayer-kimetsu-no-yaiba-the-movie-mugen-train,2020,11,1100523,244560.666667,4.500000,2025,6.000000,1.333333,1467364.000000
animation,2020,demon-slayer-kimetsu-no-yaiba-the-movie-mugen-train,2020,12,1192915,265092.222222,4.500000,2025,6.000000,1.333333,1590553.333333
animation,2020,demon-slayer-kimetsu-no-yaiba-the-movie-mugen-train,2020,13,1261288,280286.222222,4.500000,2025,6.000000,1.333333,1681717.333333
animation,2020,demon-slayer-kimetsu-no-yaiba-the-movie-mugen-train,2020,14,1332163,296036.222222,4.500000,2025,6.000000,1.333333,1776217.333333
animation,2020,demon-slayer-kimetsu-no-yaiba-the-movie-mugen-train,2020,15,1386531,308118.000000,4.500000,2025,6.000000,1.333333,1848708.000000
animation,2020,demon-slayer-kimetsu-no-yaiba-the-movie-mugen-train,2020,16,1446354,321412.000000,4.500000,2025,6.000000,1.333333,1928472.000000
animation,2020,demon-slayer-kimetsu-no-yaiba-the-movie-mugen-train,2020,17,1506738,334830.666667,4.500000,2025,6.000000,1.333333,2008984.000000
animation,2020,demon-slayer-kimetsu-no-yaiba-the-movie-mugen-train,2020,18,1559591,346575.777778,4.500000,2025,6.000000,1.333333,2079454.666667
animation,2020,demon-slayer-kimetsu-no-yaiba-the-movie-mugen-train,2020,19,1608411,357424.666667,4.500000,2025,6.000000,1.333333,2144548.000000
animation,2020,demon-slayer-kimetsu-no-yaiba-the-movie-mugen-train,2020,20,1680160,373368.888889,4.500000,2025,6.000000,1.333333,2240213.333333
animation,2020,demon-slayer-kimetsu-no-yaiba-the-movie-mugen-train,2020,21,3057689,679486.444444,4.500000,2025,6.000000,1.333333,4076918.666667
animation,2020,demon-slayer-kimetsu-no-yaiba-the-movie-mugen-train,2020,22,4669008,1037557.333333,4.500000,2025,6.000000,1.333333,6225344.000000
animation,2020,demon-slayer-kimetsu-no-yaiba-the-movie-mugen-train,2020,23,6018246,1337388.000000,4.500000,2025,6.000000,1.333333,8024328.000000
animation,2020,demon-slayer-kimetsu-no-yaiba-the-movie-mugen-train,2020,24,7301822,1622627.111111,4.500000,2025,6.000000,1.333333,9735762.666667
animation,2020,demon-slayer-kimetsu-no-yaiba-the-movie-mugen-train,2020,25,8484386,1885419.111111,4.500000,2025,6.000000,1.333333,11312514.666667
animation,2020,demon-slayer-kimetsu-no-yaiba-the-movie-mugen-train,2020,26,9523681,2116373.555556,4.500000,2025,6.000000,1.333333,12698241.333333
animation,2020,demon-slayer-kimetsu-no-yaiba-the-movie-mugen-train,2020,27,10524855,2338856.666667,4.500000,2025,6.000000,1.333333,14033140.000000
animation,2020,demon-slayer-kimetsu-no-yaiba-the-movie-mugen-train,2020,28,11909143,2646476.222222,4.500000,2025,6.000000,1.333333,15878857.333333
animation,2020,demon-slayer-kimetsu-no-yaiba-the-movie-mugen-train,2020,29,13652310,3033846.666667,4.500000,2025,6.000000,1.333333,18203080.000000
animation,2020,demon-slayer-kimetsu-no-yaiba-the-movie-mugen-train,2020,30,15072010,3349335.555556,4.500000,2025,6.000000,1.333333,20096013.333333
animation,2020,demon-slayer-kimetsu-no-yaiba-the-movie-mugen-train,2020,31,16303824,3623072.000000,4.500000,2025,6.000000,1.333333,21738432.000000
animation,2020,demon-slayer-kimetsu-no-yaiba-the-movie-mugen-train,2020,32,17266763,3837058.444444,4.500000,2025,6.000000,1.333333,23022350.666667
animation,2020,demon-slayer-kimetsu-no-yaiba-the-movie-mugen-train,2020,33,18189815,4042181.111111,4.500000,2025,6.000000,1.333333,24253086.666667
animation,2020,demon-slayer-kimetsu-no-yaiba-the-movie-mugen-train,2020,34,18922341,4204964.666667,4.500000,2025,6.000000,1.333333,25229788.000000
animation,2020,demon-slayer-kimetsu-no-yaiba-the-movie-mugen-train,2020,35,19797950,4399544.444444,4.500000,2025,6.000000,1.333333,26397266.666667
animation,2020,demon-slayer-kimetsu-no-yaiba-the-movie-mugen-train,2020,36,20617966,4581770.222222,4.500000,2025,6.000000,1.333333,27490621.333333
animation,2020,demon-slayer-kimetsu-no-yaiba-the-movie-mugen-train,2020,37,21398552,4755233.777778,4.500000,2025,6.000000,1.333333,28531402.666667
animation,2020,demon-slayer-kimetsu-no-yaiba-the-movie-mugen-train,2020,38,22147943,4921765.111111,4.500000,2025,6.000000,1.333333,29530590.666667
animation,2020,demon-slayer-kimetsu-no-yaiba-the-movie-mugen-train,2020,39,22894255,5087612.222222,4.500000,2025,6.000000,1.333333,30525673.333333
animation,2020,demon-slayer-kimetsu-no-yaiba-the-movie-mugen-train,2020,40,23632645,5251698.888889,4.500000,2025,6.000000,1.333333,31510193.333333
animation,2020,demon-slayer-kimetsu-no-yaiba-the-movie-mugen-train,2020,41,24325537,5405674.888889,4.500000,2025,6.000000,1.333333,32434049.333333
animation,2020,demon-slayer-kimetsu-no-yaiba-the-movie-mugen-train,2020,42,24701825,5489294.444444,4.500000,2025,6.000000,1.333333,32935766.666667
animation,2020,demon-slayer-kimetsu-no-yaiba-the-movie-mugen-train,2020,43,25053566,5567459.111111,4.500000,2025,6.000000,1.333333,33404754.666667
animation,2020,demon-slayer-kimetsu-no-yaiba-the-movie-mugen-train,2020,44,25400733,5644607.333333,4.500000,2025,6.000000,1.333333,33867644.000000
animation,2020,demon-slayer-kimetsu-no-yaiba-the-movie-mugen-train,2020,45,25693864,5709747.555556,4.500000,2025,6.000000,1.333333,34258485.333333
animation,2020,japan-sinks,2020,1,78644,17476.444444,4.500000,2025,6.000000,1.333333,104858.666667
animation,2020,japan-sinks,2020,2,137557,30568.222222,4.500000,2025,6.000000,1.333333,183409.333333
animation,2020,japan-sinks,2020,3,213592,47464.888889,4.500000,2025,6.000000,1.333333,284789.333333
animation,2020,japan-sinks,2020,4,329718,73270.666667,4.500000,2025,6.000000,1.333333,439624.000000
animation,2020,japan-sinks,2020,5,415709,92379.777778,4.500000,2025,6.000000,1.333333,554278.666667
animation,2020,japan-sinks,2020,6,510476,113439.111111,4.500000,2025,6.000000,1.333333,680634.666667
animation,2020,japan-sinks,2020,7,589632,131029.333333,4.500000,2025,6.000000,1.333333,786176.000000
animation,2020,japan-sinks,2020,8,667116,148248.000000,4.500000,2025,6.000000,1.333333,889488.000000
animation,2020,japan-sinks,2020,9,739093,164242.888889,4.500000,2025,6.000000,1.333333,985457.333333
animation,2020,japan-sinks,2020,10,814941,181098.000000,4.500000,2025,6.000000,1.333333,1086588.000000
animation,2020,japan-sinks,2020,11,911142,202476.000000,4.500000,2025,6.000000,1.333333,1214856.000000
animation,2020,solar-opposites-01,2020,1,750759,166835.333333,4.500000,2025,6.000000,1.333333,1001012.000000
animation,2020,solar-opposites-01,2020,2,1135638,252364.000000,4.500000,2025,6.000000,1.333333,1514184.000000
animation,2020,solar-opposites-01,2020,3,1354562,301013.777778,4.500000,2025,6.000000,1.333333,1806082.666667
animation,2020,solar-opposites-01,2020,4,1623185,360707.777778,4.500000,2025,6.000000,1.333333,2164246.666667
animation,2020,solar-opposites-01,2020,5,1862152,413811.555556,4.500000,2025,6.000000,1.333333,2482869.333333
animation,2020,solar-opposites-01,2020,6,2053881,456418.000000,4.500000,2025,6.000000,1.333333,2738508.000000
animation,2020,solar-opposites-01,2020,7,2223851,494189.111111,4.500000,2025,6.000000,1.333333,2965134.666667
animation,2020,solar-opposites-01,2020,8,2362146,524921.333333,4.500000,2025,6.000000,1.333333,3149528.000000
animation,2020,solar-opposites-01,2020,9,2493479,554106.444444,4.500000,2025,6.000000,1.333333,3324638.666667
animation,2020,solar-opposites-01,2020,10,2611715,580381.111111,4.500000,2025,6.000000,1.333333,3482286.666667
animation,2020,star-trek-lower-decks-101,2020,1,247408,54979.555556,4.500000,2025,6.000000,1.333333,329877.333333
animation,2020,star-trek-lower-decks-101,2020,2,369200,82044.444444,4.500000,2025,6.000000,1.333333,492266.666667
animation,2020,star-trek-lower-decks-101,2020,3,460590,102353.333333,4.500000,2025,6.000000,1.333333,614120.000000
animation,2020,star-trek-lower-decks-101,2020,4,554435,123207.777778,4.500000,2025,6.000000,1.333333,739246.666667
animation,2020,star-trek-lower-decks-101,2020,5,636552,141456.000000,4.500000,2025,6.000000,1.333333,848736.000000
animation,2020,star-trek-lower-decks-101,2020,6,727628,161695.111111,4.500000,2025,6.000000,1.333333,970170.666667
animation,2020,star-trek-lower-decks-101,2020,7,810715,180158.888889,4.500000,2025,6.000000,1.333333,1080953.333333
animation,2020,star-trek-lower-decks-101,2020,8,890985,197996.666667,4.500000,2025,6.000000,1.333333,1187980.000000
animation,2020,star-trek-lower-decks-101,2020,9,925748,205721.777778,4.500000,2025,6.000000,1.333333,1234330.666667
animation,2021,archer-1201,2021,1,716157,146154.489796,4.900000,2025,6.000000,1.224490,876926.938776
animation,2021,archer-1201,2021,2,1544200,315142.857143,4.900000,2025,6.000000,1.224490,1890857.142857
animation,2021,archer-1201,2021,3,2252778,459750.612245,4.900000,2025,6.000000,1.224490,2758503.673469
animation,2021,archer-1201,2021,4,2963844,604866.122449,4.900000,2025,6.000000,1.224490,3629196.734694
animation,2021,archer-1201,2021,5,3165958,646113.877551,4.900000,2025,6.000000,1.224490,3876683.265306
animation,2021,archer-1201,2021,6,3296108,672675.102041,4.900000,2025,6.000000,1.224490,4036050.612245
animation,2021,archer-1201,2021,7,3409242,695763.673469,4.900000,2025,6.000000,1.224490,4174582.040816
animation,2021,archer-1201,2021,8,3519967,718360.612245,4.900000,2025,6.000000,1.224490,4310163.673469
animation,2021,archer-1201,2021,9,3637270,742300.000000,4.900000,2025,6.000000,1.224490,4453800.000000
animation,2021,archer-1201,2021,10,3760732,767496.326531,4.900000,2025,6.000000,1.224490,4604977.959184
animation,2021,blade-runner-black-lotus-101,2021,1,206076,42056.326531,4.900000,2025,6.000000,1.224490,252337.959184
animation,2021,blade-runner-black-lotus-101,2021,2,349975,71423.469388,4.900000,2025,6.000000,1.224490,428540.816327
animation,2021,blade-runner-black-lotus-101,2021,3,460987,94078.979592,4.900000,2025,6.000000,1.224490,564473.877551
animation,2021,blade-runner-black-lotus-101,2021,4,566797,115672.857143,4.900000,2025,6.000000,1.224490,694037.142857
animation,2021,blade-runner-black-lotus-101,2021,5,660893,134876.122449,4.900000,2025,6.000000,1.224490,809256.734694
animation,2021,blade-runner-black-lotus-101,2021,6,753764,153829.387755,4.900000,2025,6.000000,1.224490,922976.326531
animation,2021,blade-runner-black-lotus-101,2021,7,844452,172337.142857,4.900000,2025,6.000000,1.224490,1034022.857143
animation,2021,blade-runner-black-lotus-101,2021,8,944442,192743.265306,4.900000,2025,6.000000,1.224490,1156459.591837
animation,2021,blade-runner-black-lotus-101,2021,9,1043066,212870.612245,4.900000,2025,6.000000,1.224490,1277223.673469
animation,2021,blade-runner-black-lotus-101,2021,10,1158416,236411.428571,4.900000,2025,6.000000,1.224490,1418468.571429
animation,2021,invincible-101,2021,1,349710,71369.387755,4.900000,2025,6.000000,1.224490,428216.326531
animation,2021,invincible-101,2021,2,587473,119892.448980,4.900000,2025,6.000000,1.224490,719354.693878
animation,2021,invincible-101,2021,3,777956,158766.530612,4.900000,2025,6.000000,1.224490,952599.183673
animation,2021,invincible-101,2021,4,944407,192736.122449,4.900000,2025,6.000000,1.224490,1156416.734694
animation,2021,invincible-101,2021,5,1294412,264165.714286,4.900000,2025,6.000000,1.224490,1584994.285714
animation,2021,invincible-101,2021,6,2071592,422773.877551,4.900000,2025,6.000000,1.224490,2536643.265306
animation,2021,invincible-101,2021,7,2596878,529975.102041,4.900000,2025,6.000000,1.224490,3179850.612245
animation,2021,invincible-101,2021,8,3047843,622008.775510,4.900000,2025,6.000000,1.224490,3732052.653061
animation,2021,invincible-101,2021,9,3376789,689140.612245,4.900000,2025,6.000000,1.224490,4134843.673469
animation,2021,invincible-101,2021,10,3626709,740144.693878,4.900000,2025,6.000000,1.224490,4440868.163265
animation,2021,love-death-robots-02,2021,1,687868,140381.224490,4.900000,2025,6.000000,1.224490,842287.346939
animation,2021,love-death-robots-02,2021,2,1601475,326831.632653,4.900000,2025,6.000000,1.224490,1960989.795918
animation,2021,love-death-robots-02,2021,3,2519176,514117.551020,4.900000,2025,6.000000,1.224490,3084705.306122
animation,2021,love-death-robots-02,2021,4,3400615,694003.061224,4.900000,2025,6.000000,1.224490,4164018.367347
animation,2021,love-death-robots-02,2021,5,4090505,834796.938776,4.900000,2025,6.000000,1.224490,5008781.632653
animation,2021,love-death-robots-02,2021,6,4790220,977595.918367,4.900000,2025,6.000000,1.224490,5865575.510204
animation,2021,love-death-robots-02,2021,7,5432930,1108761.224490,4.900000,2025,6.000000,1.224490,6652567.346939
animation,2021,love-death-robots-02,2021,8,5987176,1221872.653061,4.900000,2025,6.000000,1.224490,7331235.918367
animation,2021,love-death-robots-02,2021,9,6423495,1310917.346939,4.900000,2025,6.000000,1.224490,7865504.081633
animation,2021,love-death-robots-02,2021,10,6778276,1383321.632653,4.900000,2025,6.000000,1.224490,8299929.795918
animation,2021,mitchells-vs-the-machines,2021,1,1549763,316278.163265,4.900000,2025,6.000000,1.224490,1897668.979592
animation,2021,mitchells-vs-the-machines,2021,2,2704491,551936.938776,4.900000,2025,6.000000,1.224490,3311621.632653
animation,2021,mitchells-vs-the-machines,2021,3,3988585,813996.938776,4.900000,2025,6.000000,1.224490,4883981.632653
animation,2021,mitchells-vs-the-machines,2021,4,5321985,1086119.387755,4.900000,2025,6.000000,1.224490,6516716.326531
animation,2021,mitchells-vs-the-machines,2021,5,6401545,1306437.755102,4.900000,2025,6.000000,1.224490,7838626.530612
animation,2021,mitchells-vs-the-machines,2021,6,7211774,1471790.612245,4.900000,2025,6.000000,1.224490,8830743.673469
animation,2021,mitchells-vs-the-machines,2021,7,7992550,1631132.653061,4.900000,2025,6.000000,1.224490,9786795.918367
animation,2021,mitchells-vs-the-machines,2021,8,8799433,1795802.653061,4.900000,2025,6.000000,1.224490,10774815.918367
animation,2021,mitchells-vs-the-machines,2021,9,9462389,1931099.795918,4.900000,2025,6.000000,1.224490,11586598.775510
animation,2021,mitchells-vs-the-machines,2021,10,10003687,2041568.775510,4.900000,2025,6.000000,1.224490,12249412.653061
animation,2021,one-piece-95x,2021,1,34090,6957.142857,4.900000,2025,6.000000,1.224490,41742.857143
animation,2021,one-piece-95x,2021,2,105539,21538.571429,4.900000,2025,6.000000,1.224490,129231.428571
animation,2021,one-piece-95x,2021,3,174272,35565.714286,4.900000,2025,6.000000,1.224490,213394.285714
animation,2021,one-piece-95x,2021,4,555129,113291.632653,4.900000,2025,6.000000,1.224490,679749.795918
animation,2021,one-piece-95x,2021,5,1522455,310705.102041,4.900000,2025,6.000000,1.224490,1864230.612245
animation,2021,one-piece-95x,2021,6,2434633,496863.877551,4.900000,2025,6.000000,1.224490,2981183.265306
animation,2021,one-piece-95x,2021,7,3149283,642710.816327,4.900000,2025,6.000000,1.224490,3856264.897959
animation,2021,one-piece-95x,2021,8,3722016,759595.102041,4.900000,2025,6.000000,1.224490,4557570.612245
animation,2021,one-piece-95x,2021,9,4215380,860281.632653,4.900000,2025,6.000000,1.224490,5161689.795918
animation,2021,one-piece-95x,2021,10,5082192,1037182.040816,4.900000,2025,6.000000,1.224490,6223092.244898
animation,2021,one-piece-95x,2021,11,5735308,1170471.020408,4.900000,2025,6.000000,1.224490,7022826.122449
animation,2021,one-piece-95x,2021,12,6454372,1317218.775510,4.900000,2025,6.000000,1.224490,7903312.653061
animation,2021,one-piece-95x,2021,13,7188472,1467035.102041,4.900000,2025,6.000000,1.224490,8802210.612245
animation,2021,one-piece-95x,2021,14,7847032,1601435.102041,4.900000,2025,6.000000,1.224490,9608610.612245
animation,2021,one-piece-95x,2021,15,8295044,1692866.122449,4.900000,2025,6.000000,1.224490,10157196.734694
animation,2021,one-piece-95x,2021,16,8708547,1777254.489796,4.900000,2025,6.000000,1.224490,10663526.938776
animation,2021,one-piece-95x,2021,17,9054671,1847892.040816,4.900000,2025,6.000000,1.224490,11087352.244898
animation,2021,one-piece-95x,2021,18,9378237,1913925.918367,4.900000,2025,6.000000,1.224490,11483555.510204
animation,2021,one-piece-95x,2021,19,9706327,1980883.061224,4.900000,2025,6.000000,1.224490,11885298.367347
animation,2021,one-piece-95x,2021,20,10011200,2043102.040816,4.900000,2025,6.000000,1.224490,12258612.244898
animation,2021,one-piece-95x,2021,21,10280607,2098083.061224,4.900000,2025,6.000000,1.224490,12588498.367347
animation,2021,one-piece-95x,2021,22,10560979,2155301.836735,4.900000,2025,6.000000,1.224490,12931811.020408
animation,2021,one-piece-95x,2021,23,10860560,2216440.816327,4.900000,2025,6.000000,1.224490,13298644.897959
animation,2021,one-piece-95x,2021,24,11137802,2273020.816327,4.900000,2025,6.000000,1.224490,13638124.897959
animation,2021,one-piece-95x,2021,25,11618935,2371211.224490,4.900000,2025,6.000000,1.224490,14227267.346939
animation,2021,one-piece-95x,2021,26,11916098,2431856.734694,4.900000,2025,6.000000,1.224490,14591140.408163
animation,2021,one-piece-95x,2021,27,12177928,2485291.428571,4.900000,2025,6.000000,1.224490,14911748.571429
animation,2021,one-piece-98x,2021,1,568966,116115.510204,4.900000,2025,6.000000,1.224490,696693.061224
animation,2021,one-piece-98x,2021,2,823633,168088.367347,4.900000,2025,6.000000,1.224490,1008530.204082
animation,2021,one-piece-98x,2021,3,992880,202628.571429,4.900000,2025,6.000000,1.224490,1215771.428571
animation,2021,one-piece-98x,2021,4,1214290,247814.285714,4.900000,2025,6.000000,1.224490,1486885.714286
animation,2021,one-piece-98x,2021,5,1532984,312853.877551,4.900000,2025,6.000000,1.224490,1877123.265306
animation,2021,one-piece-98x,2021,6,1861260,379848.979592,4.900000,2025,6.000000,1.224490,2279093.877551
animation,2021,one-piece-98x,2021,7,2222288,453528.163265,4.900000,2025,6.000000,1.224490,2721168.979592
animation,2021,one-piece-98x,2021,8,2566400,523755.102041,4.900000,2025,6.000000,1.224490,3142530.612245
animation,2021,one-piece-98x,2021,9,2901992,592243.265306,4.900000,2025,6.000000,1.224490,3553459.591837
animation,2021,one-piece-98x,2021,10,3311476,675811.428571,4.900000,2025,6.000000,1.224490,4054868.571429
animation,2021,one-piece-98x,2021,11,3763051,767969.591837,4.900000,2025,6.000000,1.224490,4607817.551020
animation,2021,one-piece-98x,2021,12,4217521,860718.571429,4.900000,2025,6.000000,1.224490,5164311.428571
animation,2021,one-piece-98x,2021,13,5844792,1192814.693878,4.900000,2025,6.000000,1.224490,7156888.163265
animation,2021,one-piece-98x,2021,14,6347773,1295463.877551,4.900000,2025,6.000000,1.224490,7772783.265306
animation,2021,one-piece-98x,2021,15,6760384,1379670.204082,4.900000,2025,6.000000,1.224490,8278021.224490
animation,2021,one-piece-98x,2021,16,7229628,1475434.285714,4.900000,2025,6.000000,1.224490,8852605.714286
animation,2021,one-piece-98x,2021,17,7676677,1566668.775510,4.900000,2025,6.000000,1.224490,9400012.653061
animation,2021,one-piece-98x,2021,18,8189215,1671268.367347,4.900000,2025,6.000000,1.224490,10027610.204082
animation,2021,one-piece-98x,2021,19,8715336,1778640.000000,4.900000,2025,6.000000,1.224490,10671840.000000
animation,2021,one-piece-98x,2021,20,9227380,1883138.775510,4.900000,2025,6.000000,1.224490,11298832.653061
animation,2021,one-piece-98x,2021,21,9694767,1978523.877551,4.900000,2025,6.000000,1.224490,11871143.265306
animation,2021,one-piece-98x,2021,22,10206696,2082999.183673,4.900000,2025,6.000000,1.224490,12497995.102041
animation,2021,one-piece-98x,2021,23,10659721,2175453.265306,4.900000,2025,6.000000,1.224490,13052719.591837
animation,2021,one-piece-98x,2021,24,11089463,2263155.714286,4.900000,2025,6.000000,1.224490,13578934.285714
animation,2021,one-piece-98x,2021,25,11533583,2353792.448980,4.900000,2025,6.000000,1.224490,14122754.693878
animation,2021,one-piece-98x,2021,26,11725588,2392977.142857,4.900000,2025,6.000000,1.224490,14357862.857143
animation,2021,pacific-rim-the-black,2021,1,108412,22124.897959,4.900000,2025,6.000000,1.224490,132749.387755
animation,2021,pacific-rim-the-black,2021,2,165042,33682.040816,4.900000,2025,6.000000,1.224490,202092.244898
animation,2021,pacific-rim-the-black,2021,3,206159,42073.265306,4.900000,2025,6.000000,1.224490,252439.591837
animation,2021,pacific-rim-the-black,2021,4,239360,48848.979592,4.900000,2025,6.000000,1.224490,293093.877551
animation,2021,pacific-rim-the-black,2021,5,268156,54725.714286,4.900000,2025,6.000000,1.224490,328354.285714
animation,2021,pacific-rim-the-black,2021,6,294454,60092.653061,4.900000,2025,6.000000,1.224490,360555.918367
animation,2021,pacific-rim-the-black,2021,7,317789,64854.897959,4.900000,2025,6.000000,1.224490,389129.387755
animation,2021,pacific-rim-the-black,2021,8,493895,100794.897959,4.900000,2025,6.000000,1.224490,604769.387755
animation,2021,pacific-rim-the-black,2021,9,1377053,281031.224490,4.900000,2025,6.000000,1.224490,1686187.346939
animation,2021,pacific-rim-the-black,2021,10,1924732,392802.448980,4.900000,2025,6.000000,1.224490,2356814.693878
animation,2021,q-force-01,2021,1,77191,15753.265306,4.900000,2025,6.000000,1.224490,94519.591837
animation,2021,q-force-01,2021,2,248459,50705.918367,4.900000,2025,6.000000,1.224490,304235.510204
animation,2021,q-force-01,2021,3,412684,84221.224490,4.900000,2025,6.000000,1.224490,505327.346939
animation,2021,q-force-01,2021,4,461929,94271.224490,4.900000,2025,6.000000,1.224490,565627.346939
animation,2021,q-force-01,2021,5,489987,99997.346939,4.900000,2025,6.000000,1.224490,599984.081633
animation,2021,q-force-01,2021,6,520103,106143.469388,4.900000,2025,6.000000,1.224490,636860.816327
animation,2021,q-force-01,2021,7,546983,111629.183673,4.900000,2025,6.000000,1.224490,669775.102041
animation,2021,q-force-01,2021,8,583022,118984.081633,4.900000,2025,6.000000,1.224490,713904.489796
animation,2021,q-force-01,2021,9,620207,126572.857143,4.900000,2025,6.000000,1.224490,759437.142857
animation,2021,q-force-01,2021,10,648492,132345.306122,4.900000,2025,6.000000,1.224490,794071.836735
animation,2021,raya-and-the-last-dragon,2021,1,3642332,743333.061224,4.900000,2025,6.000000,1.224490,4459998.367347
animation,2021,raya-and-the-last-dragon,2021,2,6789405,1385592.857143,4.900000,2025,6.000000,1.224490,8313557.142857
animation,2021,raya-and-the-last-dragon,2021,3,9623653,1964010.816327,4.900000,2025,6.000000,1.224490,11784064.897959
animation,2021,raya-and-the-last-dragon,2021,4,11984263,2445767.959184,4.900000,2025,6.000000,1.224490,14674607.755102
animation,2021,raya-and-the-last-dragon,2021,5,14050118,2867371.020408,4.900000,2025,6.000000,1.224490,17204226.122449
animation,2021,raya-and-the-last-dragon,2021,6,15764912,3217328.979592,4.900000,2025,6.000000,1.224490,19303973.877551
animation,2021,raya-and-the-last-dragon,2021,7,17215888,3513446.530612,4.900000,2025,6.000000,1.224490,21080679.183673
animation,2021,raya-and-the-last-dragon,2021,8,18620295,3800060.204082,4.900000,2025,6.000000,1.224490,22800361.224490
animation,2021,raya-and-the-last-dragon,2021,9,19865726,4054229.795918,4.900000,2025,6.000000,1.224490,24325378.775510
animation,2021,raya-and-the-last-dragon,2021,10,20993650,4284418.367347,4.900000,2025,6.000000,1.224490,25706510.204082
animation,2021,raya-and-the-last-dragon,2021,11,22127172,4515749.387755,4.900000,2025,6.000000,1.224490,27094496.326531
animation,2021,raya-and-the-last-dragon,2021,12,23228380,4740485.714286,4.900000,2025,6.000000,1.224490,28442914.285714
animation,2021,raya-and-the-last-dragon,2021,13,24343267,4968013.673469,4.900000,2025,6.000000,1.224490,29808082.040816
animation,2021,raya-and-the-last-dragon,2021,14,25404208,5184532.244898,4.900000,2025,6.000000,1.224490,31107193.469388
animation,2021,raya-and-the-last-dragon,2021,15,26303848,5368132.244898,4.900000,2025,6.000000,1.224490,32208793.469388
animation,2021,raya-and-the-last-dragon,2021,16,27219701,5555041.020408,4.900000,2025,6.000000,1.224490,33330246.122449
animation,2021,raya-and-the-last-dragon,2021,17,27902444,5694376.326531,4.900000,2025,6.000000,1.224490,34166257.959184
animation,2021,raya-and-the-last-dragon,2021,18,28661416,5849268.571429,4.900000,2025,6.000000,1.224490,35095611.428571
animation,2021,raya-and-the-last-dragon,2021,19,29350761,5989951.224490,4.900000,2025,6.000000,1.224490,35939707.346939
animation,2021,raya-and-the-last-dragon,2021,20,29944344,6111090.612245,4.900000,2025,6.000000,1.224490,36666543.673469
animation,2021,raya-and-the-last-dragon,2021,21,30497299,6223938.571429,4.900000,2025,6.000000,1.224490,37343631.428571
animation,2021,raya-and-the-last-dragon,2021,22,31019391,6330487.959184,4.900000,2025,6.000000,1.224490,37982927.755102
animation,2021,raya-and-the-last-dragon,2021,23,31572055,6443276.530612,4.900000,2025,6.000000,1.224490,38659659.183673
animation,2021,raya-and-the-last-dragon,2021,24,32064337,6543742.244898,4.900000,2025,6.000000,1.224490,39262453.469388
animation,2021,raya-and-the-last-dragon,2021,25,32592492,6651528.979592,4.900000,2025,6.000000,1.224490,39909173.877551
animation,2021,raya-and-the-last-dragon,2021,26,33080233,6751067.959184,4.900000,2025,6.000000,1.224490,40506407.755102
animation,2021,star-wars-visions-01,2021,1,442561,90318.571429,4.900000,2025,6.000000,1.224490,541911.428571
animation,2021,star-wars-visions-01,2021,2,718594,146651.836735,4.900000,2025,6.000000,1.224490,879911.020408
animation,2021,star-wars-visions-01,2021,3,950044,193886.530612,4.900000,2025,6.000000,1.224490,1163319.183673
animation,2021,star-wars-visions-01,2021,4,1148148,234315.918367,4.900000,2025,6.000000,1.224490,1405895.510204
animation,2021,star-wars-visions-01,2021,5,1335906,272633.877551,4.900000,2025,6.000000,1.224490,1635803.265306
animation,2021,star-wars-visions-01,2021,6,1541393,314570.000000,4.900000,2025,6.000000,1.224490,1887420.000000
animation,2021,star-wars-visions-01,2021,7,1742376,355586.938776,4.900000,2025,6.000000,1.224490,2133521.632653
animation,2021,star-wars-visions-01,2021,8,1917127,391250.408163,4.900000,2025,6.000000,1.224490,2347502.448980
animation,2021,star-wars-visions-01,2021,9,2081493,424794.489796,4.900000,2025,6.000000,1.224490,2548766.938776
animation,2021,star-wars-visions-01,2021,10,2259624,461147.755102,4.900000,2025,6.000000,1.224490,2766886.530612
animation,2021,star-wars-visions-01,2021,11,2425663,495033.265306,4.900000,2025,6.000000,1.224490,2970199.591837
animation,2021,star-wars-visions-01,2021,12,2449889,499977.346939,4.900000,2025,6.000000,1.224490,2999864.081633
animation,2021,trese-01,2021,1,416543,85008.775510,4.900000,2025,6.000000,1.224490,510052.653061
animation,2021,trese-01,2021,2,1008386,205793.061224,4.900000,2025,6.000000,1.224490,1234758.367347
animation,2021,trese-01,2021,3,1669925,340801.020408,4.900000,2025,6.000000,1.224490,2044806.122449
animation,2021,trese-01,2021,4,2245494,458264.081633,4.900000,2025,6.000000,1.224490,2749584.489796
animation,2021,trese-01,2021,5,2700164,551053.877551,4.900000,2025,6.000000,1.224490,3306323.265306
animation,2021,trese-01,2021,6,3106424,633964.081633,4.900000,2025,6.000000,1.224490,3803784.489796
animation,2021,trese-01,2021,7,3479687,710140.204082,4.900000,2025,6.000000,1.224490,4260841.224490
animation,2021,trese-01,2021,8,3795283,774547.551020,4.900000,2025,6.000000,1.224490,4647285.306122
animation,2021,trese-01,2021,9,4117652,840337.142857,4.900000,2025,6.000000,1.224490,5042022.857143
animation,2021,trese-01,2021,10,4405810,899144.897959,4.900000,2025,6.000000,1.224490,5394869.387755
animation,2021,ultra-city-smiths-106,2021,1,66492,13569.795918,4.900000,2025,6.000000,1.224490,81418.775510
animation,2021,ultra-city-smiths-106,2021,2,176058,35930.204082,4.900000,2025,6.000000,1.224490,215581.224490
animation,2021,ultra-city-smiths-106,2021,3,251704,51368.163265,4.900000,2025,6.000000,1.224490,308208.979592
animation,2021,ultra-city-smiths-106,2021,4,338277,69036.122449,4.900000,2025,6.000000,1.224490,414216.734694
animation,2021,ultra-city-smiths-106,2021,5,389332,79455.510204,4.900000,2025,6.000000,1.224490,476733.061224
animation,2021,ultra-city-smiths-106,2021,6,408506,83368.571429,4.900000,2025,6.000000,1.224490,500211.428571
animation,2021,ultra-city-smiths-106,2021,7,422930,86312.244898,4.900000,2025,6.000000,1.224490,517873.469388
animation,2021,ultra-city-smiths-106,2021,8,436010,88981.632653,4.900000,2025,6.000000,1.224490,533889.795918
animation,2021,ultra-city-smiths-106,2021,9,451034,92047.755102,4.900000,2025,6.000000,1.224490,552286.530612
animation,2021,ultra-city-smiths-106,2021,10,470242,95967.755102,4.900000,2025,6.000000,1.224490,575806.530612
animation,2021,what-if-2021-101,2021,1,1526369,311503.877551,4.900000,2025,6.000000,1.224490,1869023.265306
animation,2021,what-if-2021-101,2021,2,2831556,577868.571429,4.900000,2025,6.000000,1.224490,3467211.428571
animation,2021,what-if-2021-101,2021,3,4088753,834439.387755,4.900000,2025,6.000000,1.224490,5006636.326531
animation,2021,what-if-2021-101,2021,4,5277578,1077056.734694,4.900000,2025,6.000000,1.224490,6462340.408163
animation,2021,what-if-2021-101,2021,5,6288725,1283413.265306,4.900000,2025,6.000000,1.224490,7700479.591837
animation,2021,what-if-2021-101,2021,6,7212535,1471945.918367,4.900000,2025,6.000000,1.224490,8831675.510204
animation,2021,what-if-2021-101,2021,7,7669254,1565153.877551,4.900000,2025,6.000000,1.224490,9390923.265306
animation,2021,what-if-2021-101,2021,8,7996004,1631837.551020,4.900000,2025,6.000000,1.224490,9791025.306122
animation,2021,what-if-2021-101,2021,9,8305947,1695091.224490,4.900000,2025,6.000000,1.224490,10170547.346939
animation,2021,what-if-2021-101,2021,10,8539490,1742753.061224,4.900000,2025,6.000000,1.224490,10456518.367347
animation,2021,what-if-2021-101,2021,11,8745804,1784857.959184,4.900000,2025,6.000000,1.224490,10709147.755102
animation,2021,what-if-2021-101,2021,12,8994697,1835652.448980,4.900000,2025,6.000000,1.224490,11013914.693878
animation,2021,what-if-2021-101,2021,13,9236031,1884904.285714,4.900000,2025,6.000000,1.224490,11309425.714286
animation,2021,what-if-2021-101,2021,14,9452588,1929099.591837,4.900000,2025,6.000000,1.224490,11574597.551020
animation,2021,what-if-2021-101,2021,15,9632766,1965870.612245,4.900000,2025,6.000000,1.224490,11795223.673469
animation,2021,yasuke-01,2021,1,478383,97629.183673,4.900000,2025,6.000000,1.224490,585775.102041
animation,2021,yasuke-01,2021,2,1238388,252732.244898,4.900000,2025,6.000000,1.224490,1516393.469388
animation,2021,yasuke-01,2021,3,1915499,390918.163265,4.900000,2025,6.000000,1.224490,2345508.979592
animation,2021,yasuke-01,2021,4,2671423,545188.367347,4.900000,2025,6.000000,1.224490,3271130.204082
animation,2021,yasuke-01,2021,5,3356568,685013.877551,4.900000,2025,6.000000,1.224490,4110083.265306
animation,2021,yasuke-01,2021,6,4020190,820446.938776,4.900000,2025,6.000000,1.224490,4922681.632653
animation,2021,yasuke-01,2021,7,4515115,921452.040816,4.900000,2025,6.000000,1.224490,5528712.244898
animation,2021,yasuke-01,2021,8,5031459,1026828.367347,4.900000,2025,6.000000,1.224490,6160970.204082
animation,2021,yasuke-01,2021,9,5490366,1120482.857143,4.900000,2025,6.000000,1.224490,6722897.142857
animation,2021,yasuke-01,2021,10,5862662,1196461.632653,4.900000,2025,6.000000,1.224490,7178769.795918
animation,2022,archer-1308,2022,1,128412,24228.679245,5.300000,2025,6.000000,1.132075,145372.075472
animation,2022,archer-1308,2022,2,198565,37465.094340,5.300000,2025,6.000000,1.132075,224790.566038
animation,2022,archer-1308,2022,3,267468,50465.660377,5.300000,2025,6.000000,1.132075,302793.962264
animation,2022,archer-1308,2022,4,336744,63536.603774,5.300000,2025,6.000000,1.132075,381219.622642
animation,2022,archer-1308,2022,5,404463,76313.773585,5.300000,2025,6.000000,1.132075,457882.641509
animation,2022,archer-1308,2022,6,461422,87060.754717,5.300000,2025,6.000000,1.132075,522364.528302
animation,2022,archer-1308,2022,7,510534,96327.169811,5.300000,2025,6.000000,1.132075,577963.018868
animation,2022,archer-1308,2022,8,566277,106844.716981,5.300000,2025,6.000000,1.132075,641068.301887
animation,2022,archer-1308,2022,9,613446,115744.528302,5.300000,2025,6.000000,1.132075,694467.169811
animation,2022,archer-1308,2022,10,653800,123358.490566,5.300000,2025,6.000000,1.132075,740150.943396
animation,2022,archer-1308,2022,11,689144,130027.169811,5.300000,2025,6.000000,1.132075,780163.018868
animation,2022,archer-1308,2022,12,727224,137212.075472,5.300000,2025,6.000000,1.132075,823272.452830
animation,2022,archer-1308,2022,13,765876,144504.905660,5.300000,2025,6.000000,1.132075,867029.433962
animation,2022,archer-1308,2022,14,807926,152438.867925,5.300000,2025,6.000000,1.132075,914633.207547
animation,2022,archer-1308,2022,15,847063,159823.207547,5.300000,2025,6.000000,1.132075,958939.245283
animation,2022,boys-presents-diabolical-01,2022,1,289827,54684.339623,5.300000,2025,6.000000,1.132075,328106.037736
animation,2022,boys-presents-diabolical-01,2022,2,543609,102567.735849,5.300000,2025,6.000000,1.132075,615406.415094
animation,2022,boys-presents-diabolical-01,2022,3,736851,139028.490566,5.300000,2025,6.000000,1.132075,834170.943396
animation,2022,boys-presents-diabolical-01,2022,4,931267,175710.754717,5.300000,2025,6.000000,1.132075,1054264.528302
animation,2022,boys-presents-diabolical-01,2022,5,1120950,211500.000000,5.300000,2025,6.000000,1.132075,1269000.000000
animation,2022,boys-presents-diabolical-01,2022,6,1292573,243881.698113,5.300000,2025,6.000000,1.132075,1463290.188679
animation,2022,boys-presents-diabolical-01,2022,7,1443481,272354.905660,5.300000,2025,6.000000,1.132075,1634129.433962
animation,2022,boys-presents-diabolical-01,2022,8,1589570,299918.867925,5.300000,2025,6.000000,1.132075,1799513.207547
animation,2022,boys-presents-diabolical-01,2022,9,1747946,329801.132075,5.300000,2025,6.000000,1.132075,1978806.792453
animation,2022,boys-presents-diabolical-01,2022,10,1890150,356632.075472,5.300000,2025,6.000000,1.132075,2139792.452830
animation,2022,boys-presents-diabolical-01,2022,11,2031828,383363.773585,5.300000,2025,6.000000,1.132075,2300182.641509
animation,2022,harley-quinn-301,2022,1,290167,54748.490566,5.300000,2025,6.000000,1.132075,328490.943396
animation,2022,harley-quinn-301,2022,2,506001,95471.886792,5.300000,2025,6.000000,1.132075,572831.320755
animation,2022,harley-quinn-301,2022,3,717395,135357.547170,5.300000,2025,6.000000,1.132075,812145.283019
animation,2022,harley-quinn-301,2022,4,920264,173634.716981,5.300000,2025,6.000000,1.132075,1041808.301887
animation,2022,harley-quinn-301,2022,5,1107798,209018.490566,5.300000,2025,6.000000,1.132075,1254110.943396
animation,2022,harley-quinn-301,2022,6,1285779,242599.811321,5.300000,2025,6.000000,1.132075,1455598.867925
animation,2022,harley-quinn-301,2022,7,1457684,275034.716981,5.300000,2025,6.000000,1.132075,1650208.301887
animation,2022,harley-quinn-301,2022,8,1638557,309161.698113,5.300000,2025,6.000000,1.132075,1854970.188679
animation,2022,harley-quinn-301,2022,9,1797193,339093.018868,5.300000,2025,6.000000,1.132075,2034558.113208
animation,2022,harley-quinn-301,2022,10,1996344,376668.679245,5.300000,2025,6.000000,1.132075,2260012.075472
animation,2022,pantheon-108,2022,1,49770,9390.566038,5.300000,2025,6.000000,1.132075,56343.396226
animation,2022,pantheon-108,2022,2,111919,21116.792453,5.300000,2025,6.000000,1.132075,126700.754717
animation,2022,pantheon-108,2022,3,171448,32348.679245,5.300000,2025,6.000000,1.132075,194092.075472
animation,2022,pantheon-108,2022,4,224912,42436.226415,5.300000,2025,6.000000,1.132075,254617.358491
animation,2022,pantheon-108,2022,5,283498,53490.188679,5.300000,2025,6.000000,1.132075,320941.132075
animation,2022,pantheon-108,2022,6,344261,64954.905660,5.300000,2025,6.000000,1.132075,389729.433962
animation,2022,pantheon-108,2022,7,403348,76103.396226,5.300000,2025,6.000000,1.132075,456620.377358
animation,2022,pantheon-108,2022,8,469328,88552.452830,5.300000,2025,6.000000,1.132075,531314.716981
animation,2022,pantheon-108,2022,9,525495,99150.000000,5.300000,2025,6.000000,1.132075,594900.000000
animation,2022,pantheon-108,2022,10,573180,108147.169811,5.300000,2025,6.000000,1.132075,648883.018868
animation,2022,prehistoric-planet-01,2022,1,730154,137764.905660,5.300000,2025,6.000000,1.132075,826589.433962
animation,2022,prehistoric-planet-01,2022,2,1602540,302366.037736,5.300000,2025,6.000000,1.132075,1814196.226415
animation,2022,prehistoric-planet-01,2022,3,2208793,416753.396226,5.300000,2025,6.000000,1.132075,2500520.377358
animation,2022,prehistoric-planet-01,2022,4,2717855,512802.830189,5.300000,2025,6.000000,1.132075,3076816.981132
animation,2022,prehistoric-planet-01,2022,5,3178523,599721.320755,5.300000,2025,6.000000,1.132075,3598327.924528
animation,2022,prehistoric-planet-01,2022,6,3634458,685746.792453,5.300000,2025,6.000000,1.132075,4114480.754717
animation,2022,prehistoric-planet-01,2022,7,3989992,752828.679245,5.300000,2025,6.000000,1.132075,4516972.075472
animation,2022,prehistoric-planet-01,2022,8,4334084,817751.698113,5.300000,2025,6.000000,1.132075,4906510.188679
animation,2022,prehistoric-planet-01,2022,9,4636145,874744.339623,5.300000,2025,6.000000,1.132075,5248466.037736
animation,2022,prehistoric-planet-01,2022,10,4928165,929842.452830,5.300000,2025,6.000000,1.132075,5579054.716981
animation,2022,prehistoric-planet-01,2022,11,5208992,982828.679245,5.300000,2025,6.000000,1.132075,5896972.075472
animation,2022,prehistoric-planet-01,2022,12,5493482,1036506.037736,5.300000,2025,6.000000,1.132075,6219036.226415
animation,2022,prehistoric-planet-01,2022,13,5779724,1090513.962264,5.300000,2025,6.000000,1.132075,6543083.773585
animation,2022,prehistoric-planet-01,2022,14,6052744,1142027.169811,5.300000,2025,6.000000,1.132075,6852163.018868
animation,2022,prehistoric-planet-01,2022,15,6335212,1195323.018868,5.300000,2025,6.000000,1.132075,7171938.113208
animation,2022,tales-of-the-jedi-01,2022,1,302014,56983.773585,5.300000,2025,6.000000,1.132075,341902.641509
animation,2022,tales-of-the-jedi-01,2022,2,461258,87029.811321,5.300000,2025,6.000000,1.132075,522178.867925
animation,2022,tales-of-the-jedi-01,2022,3,585849,110537.547170,5.300000,2025,6.000000,1.132075,663225.283019
animation,2022,tales-of-the-jedi-01,2022,4,697960,131690.566038,5.300000,2025,6.000000,1.132075,790143.396226
animation,2022,tales-of-the-jedi-01,2022,5,798820,150720.754717,5.300000,2025,6.000000,1.132075,904324.528302
animation,2022,tales-of-the-jedi-01,2022,6,891942,168290.943396,5.300000,2025,6.000000,1.132075,1009745.660377
animation,2022,tales-of-the-jedi-01,2022,7,979889,184884.716981,5.300000,2025,6.000000,1.132075,1109308.301887
animation,2022,tales-of-the-jedi-01,2022,8,1064958,200935.471698,5.300000,2025,6.000000,1.132075,1205612.830189
animation,2022,tales-of-the-jedi-01,2022,9,1143182,215694.716981,5.300000,2025,6.000000,1.132075,1294168.301887
animation,2022,tales-of-the-jedi-01,2022,10,1218107,229831.509434,5.300000,2025,6.000000,1.132075,1378989.056604
animation,2022,tales-of-the-jedi-01,2022,11,1298413,244983.584906,5.300000,2025,6.000000,1.132075,1469901.509434
animation,2022,tales-of-the-jedi-01,2022,12,1378420,260079.245283,5.300000,2025,6.000000,1.132075,1560475.471698
animation,2022,tales-of-the-jedi-01,2022,13,1463672,276164.528302,5.300000,2025,6.000000,1.132075,1656987.169811
animation,2022,tales-of-the-jedi-01,2022,14,1548323,292136.415094,5.300000,2025,6.000000,1.132075,1752818.490566
animation,2022,tales-of-the-jedi-01,2022,15,1632127,307948.490566,5.300000,2025,6.000000,1.132075,1847690.943396
animation,2022,tales-of-the-jedi-01,2022,16,1708819,322418.679245,5.300000,2025,6.000000,1.132075,1934512.075472
animation,2022,turning-red,2022,1,2347235,442874.528302,5.300000,2025,6.000000,1.132075,2657247.169811
animation,2022,turning-red,2022,2,3808283,718543.962264,5.300000,2025,6.000000,1.132075,4311263.773585
animation,2022,turning-red,2022,3,5412883,1021298.679245,5.300000,2025,6.000000,1.132075,6127792.075472
animation,2022,turning-red,2022,4,6482574,1223127.169811,5.300000,2025,6.000000,1.132075,7338763.018868
animation,2022,turning-red,2022,5,7538521,1422362.452830,5.300000,2025,6.000000,1.132075,8534174.716981
animation,2022,turning-red,2022,6,8476679,1599373.396226,5.300000,2025,6.000000,1.132075,9596240.377358
animation,2022,turning-red,2022,7,9291676,1753146.415094,5.300000,2025,6.000000,1.132075,10518878.490566
animation,2022,turning-red,2022,8,9994693,1885791.132075,5.300000,2025,6.000000,1.132075,11314746.792453
animation,2022,turning-red,2022,9,10564004,1993208.301887,5.300000,2025,6.000000,1.132075,11959249.811321
animation,2022,turning-red,2022,10,11084864,2091483.773585,5.300000,2025,6.000000,1.132075,12548902.641509
animation,2022,turning-red,2022,11,11587646,2186348.301887,5.300000,2025,6.000000,1.132075,13118089.811321
animation,2022,turning-red,2022,12,12047968,2273201.509434,5.300000,2025,6.000000,1.132075,13639209.056604
animation,2022,turning-red,2022,13,12468709,2352586.603774,5.300000,2025,6.000000,1.132075,14115519.622642
animation,2022,turning-red,2022,14,12877038,2429629.811321,5.300000,2025,6.000000,1.132075,14577778.867925
animation,2022,turning-red,2022,15,13279797,2505622.075472,5.300000,2025,6.000000,1.132075,15033732.452830
animation,2022,undone-02,2022,1,160040,30196.226415,5.300000,2025,6.000000,1.132075,181177.358491
animation,2022,undone-02,2022,2,309843,58460.943396,5.300000,2025,6.000000,1.132075,350765.660377
animation,2022,undone-02,2022,3,458100,86433.962264,5.300000,2025,6.000000,1.132075,518603.773585
animation,2022,undone-02,2022,4,614948,116027.924528,5.300000,2025,6.000000,1.132075,696167.547170
animation,2022,undone-02,2022,5,769118,145116.603774,5.300000,2025,6.000000,1.132075,870699.622642
animation,2022,undone-02,2022,6,920905,173755.660377,5.300000,2025,6.000000,1.132075,1042533.962264
animation,2022,undone-02,2022,7,1066935,201308.490566,5.300000,2025,6.000000,1.132075,1207850.943396
animation,2022,undone-02,2022,8,1232282,232506.037736,5.300000,2025,6.000000,1.132075,1395036.226415
animation,2022,undone-02,2022,9,1392261,262690.754717,5.300000,2025,6.000000,1.132075,1576144.528302
animation,2022,undone-02,2022,10,1566840,295630.188679,5.300000,2025,6.000000,1.132075,1773781.132075
animation,2022,undone-02,2022,11,1706761,322030.377358,5.300000,2025,6.000000,1.132075,1932182.264151
animation,2022,undone-02,2022,12,1848920,348852.830189,5.300000,2025,6.000000,1.132075,2093116.981132
animation,2022,undone-02,2022,13,1967474,371221.509434,5.300000,2025,6.000000,1.132075,2227329.056604
animation,2022,undone-02,2022,14,2096461,395558.679245,5.300000,2025,6.000000,1.132075,2373352.075472
animation,2022,undone-02,2022,15,2235040,421705.660377,5.300000,2025,6.000000,1.132075,2530233.962264
animation,2023,archer-1401,2023,1,172471,31939.074074,5.400000,2025,6.000000,1.111111,191634.444444
animation,2023,archer-1401,2023,2,355507,65834.629630,5.400000,2025,6.000000,1.111111,395007.777778
animation,2023,archer-1401,2023,3,539409,99890.555556,5.400000,2025,6.000000,1.111111,599343.333333
animation,2023,archer-1401,2023,4,691601,128074.259259,5.400000,2025,6.000000,1.111111,768445.555556
animation,2023,archer-1401,2023,5,864898,160166.296296,5.400000,2025,6.000000,1.111111,960997.777778
animation,2023,archer-1401,2023,6,1027644,190304.444444,5.400000,2025,6.000000,1.111111,1141826.666667
animation,2023,archer-1401,2023,7,1216814,225335.925926,5.400000,2025,6.000000,1.111111,1352015.555556
animation,2023,archer-1401,2023,8,1373570,254364.814815,5.400000,2025,6.000000,1.111111,1526188.888889
animation,2023,archer-1401,2023,9,1638602,303444.814815,5.400000,2025,6.000000,1.111111,1820668.888889
animation,2023,archer-1401,2023,10,1903332,352468.888889,5.400000,2025,6.000000,1.111111,2114813.333333
animation,2023,archer-1401,2023,11,2187187,405034.629630,5.400000,2025,6.000000,1.111111,2430207.777778
animation,2023,archer-1401,2023,12,2483520,459911.111111,5.400000,2025,6.000000,1.111111,2759466.666667
animation,2023,archer-1401,2023,13,2760082,511126.296296,5.400000,2025,6.000000,1.111111,3066757.777778
animation,2023,archer-1401,2023,14,3036951,562398.333333,5.400000,2025,6.000000,1.111111,3374390.000000
animation,2023,archer-1401,2023,15,3344123,619282.037037,5.400000,2025,6.000000,1.111111,3715692.222222
animation,2023,archer-1401,2023,16,3623232,670968.888889,5.400000,2025,6.000000,1.111111,4025813.333333
animation,2023,archer-1401,2023,17,3891160,720585.185185,5.400000,2025,6.000000,1.111111,4323511.111111
animation,2023,archer-1401,2023,18,4184590,774924.074074,5.400000,2025,6.000000,1.111111,4649544.444444
animation,2023,archer-1401,2023,19,4487561,831029.814815,5.400000,2025,6.000000,1.111111,4986178.888889
animation,2023,archer-1401,2023,20,4774876,884236.296296,5.400000,2025,6.000000,1.111111,5305417.777778
animation,2023,archer-1401,2023,21,5071020,939077.777778,5.400000,2025,6.000000,1.111111,5634466.666667
animation,2023,archer-1401,2023,22,5346533,990098.703704,5.400000,2025,6.000000,1.111111,5940592.222222
animation,2023,archer-1401,2023,23,5608736,1038654.814815,5.400000,2025,6.000000,1.111111,6231928.888889
animation,2023,archer-1401,2023,24,5878350,1088583.333333,5.400000,2025,6.000000,1.111111,6531500.000000
animation,2023,archer-1401,2023,25,6165239,1141710.925926,5.400000,2025,6.000000,1.111111,6850265.555556
animation,2023,archer-1401,2023,26,6457910,1195909.259259,5.400000,2025,6.000000,1.111111,7175455.555556
animation,2023,blue-eye-samurai-01,2023,1,287042,53155.925926,5.400000,2025,6.000000,1.111111,318935.555556
animation,2023,blue-eye-samurai-01,2023,2,811899,150351.666667,5.400000,2025,6.000000,1.111111,902110.000000
animation,2023,blue-eye-samurai-01,2023,3,1356228,251153.333333,5.400000,2025,6.000000,1.111111,1506920.000000
animation,2023,blue-eye-samurai-01,2023,4,1886713,349391.296296,5.400000,2025,6.000000,1.111111,2096347.777778
animation,2023,blue-eye-samurai-01,2023,5,2382534,441210.000000,5.400000,2025,6.000000,1.111111,2647260.000000
animation,2023,blue-eye-samurai-01,2023,6,2869021,531300.185185,5.400000,2025,6.000000,1.111111,3187801.111111
animation,2023,blue-eye-samurai-01,2023,7,3341623,618819.074074,5.400000,2025,6.000000,1.111111,3712914.444444
animation,2023,blue-eye-samurai-01,2023,8,3787377,701366.111111,5.400000,2025,6.000000,1.111111,4208196.666667
animation,2023,blue-eye-samurai-01,2023,9,4299510,796205.555556,5.400000,2025,6.000000,1.111111,4777233.333333
animation,2023,blue-eye-samurai-01,2023,10,4800356,888954.814815,5.400000,2025,6.000000,1.111111,5333728.888889
animation,2023,invincible-201,2023,1,560349,103768.333333,5.400000,2025,6.000000,1.111111,622610.000000
animation,2023,invincible-201,2023,2,1310482,242681.851852,5.400000,2025,6.000000,1.111111,1456091.111111
animation,2023,invincible-201,2023,3,2111828,391079.259259,5.400000,2025,6.000000,1.111111,2346475.555556
animation,2023,invincible-201,2023,4,2774388,513775.555556,5.400000,2025,6.000000,1.111111,3082653.333333
animation,2023,invincible-201,2023,5,3331624,616967.407407,5.400000,2025,6.000000,1.111111,3701804.444444
animation,2023,invincible-201,2023,6,3869078,716495.925926,5.400000,2025,6.000000,1.111111,4298975.555556
animation,2023,invincible-201,2023,7,4343044,804267.407407,5.400000,2025,6.000000,1.111111,4825604.444444
animation,2023,invincible-201,2023,8,4811433,891006.111111,5.400000,2025,6.000000,1.111111,5346036.666667
animation,2023,invincible-201,2023,9,5285858,978862.592593,5.400000,2025,6.000000,1.111111,5873175.555556
animation,2023,invincible-201,2023,10,5725638,1060303.333333,5.400000,2025,6.000000,1.111111,6361820.000000
animation,2023,prehistoric-planet-02,2023,1,325353,60250.555556,5.400000,2025,6.000000,1.111111,361503.333333
animation,2023,prehistoric-planet-02,2023,2,657446,121749.259259,5.400000,2025,6.000000,1.111111,730495.555556
animation,2023,prehistoric-planet-02,2023,3,911094,168721.111111,5.400000,2025,6.000000,1.111111,1012326.666667
animation,2023,prehistoric-planet-02,2023,4,1157965,214437.962963,5.400000,2025,6.000000,1.111111,1286627.777778
animation,2023,prehistoric-planet-02,2023,5,1395455,258417.592593,5.400000,2025,6.000000,1.111111,1550505.555556
animation,2023,prehistoric-planet-02,2023,6,1616290,299312.962963,5.400000,2025,6.000000,1.111111,1795877.777778
animation,2023,prehistoric-planet-02,2023,7,1823174,337624.814815,5.400000,2025,6.000000,1.111111,2025748.888889
animation,2023,prehistoric-planet-02,2023,8,2042601,378259.444444,5.400000,2025,6.000000,1.111111,2269556.666667
animation,2023,prehistoric-planet-02,2023,9,2246562,416030.000000,5.400000,2025,6.000000,1.111111,2496180.000000
animation,2023,prehistoric-planet-02,2023,10,2474087,458164.259259,5.400000,2025,6.000000,1.111111,2748985.555556
animation,2023,spider-man-across-the-spider-verse,2023,1,2860486,529719.629630,5.400000,2025,6.000000,1.111111,3178317.777778
animation,2023,spider-man-across-the-spider-verse,2023,2,4876086,902978.888889,5.400000,2025,6.000000,1.111111,5417873.333333
animation,2023,spider-man-across-the-spider-verse,2023,3,6409433,1186932.037037,5.400000,2025,6.000000,1.111111,7121592.222222
animation,2023,spider-man-across-the-spider-verse,2023,4,7781893,1441091.296296,5.400000,2025,6.000000,1.111111,8646547.777778
animation,2023,spider-man-across-the-spider-verse,2023,5,8938812,1655335.555556,5.400000,2025,6.000000,1.111111,9932013.333333
animation,2023,spider-man-across-the-spider-verse,2023,6,10145409,1878779.444444,5.400000,2025,6.000000,1.111111,11272676.666667
animation,2023,spider-man-across-the-spider-verse,2023,7,11251251,2083565.000000,5.400000,2025,6.000000,1.111111,12501390.000000
animation,2023,spider-man-across-the-spider-verse,2023,8,12332487,2283793.888889,5.400000,2025,6.000000,1.111111,13702763.333333
animation,2023,spider-man-across-the-spider-verse,2023,9,13419981,2485181.666667,5.400000,2025,6.000000,1.111111,14911090.000000
animation,2023,spider-man-across-the-spider-verse,2023,10,14429901,2672203.888889,5.400000,2025,6.000000,1.111111,16033223.333333
animation,2023,spider-man-across-the-spider-verse,2023,11,15390594,2850110.000000,5.400000,2025,6.000000,1.111111,17100660.000000
animation,2023,spider-man-across-the-spider-verse,2023,12,16502780,3056070.370370,5.400000,2025,6.000000,1.111111,18336422.222222
animation,2023,spider-man-across-the-spider-verse,2023,13,18065456,3345454.814815,5.400000,2025,6.000000,1.111111,20072728.888889
animation,2023,spider-man-across-the-spider-verse,2023,14,19613000,3632037.037037,5.400000,2025,6.000000,1.111111,21792222.222222
animation,2023,spider-man-across-the-spider-verse,2023,15,21235557,3932510.555556,5.400000,2025,6.000000,1.111111,23595063.333333
animation,2023,spider-man-across-the-spider-verse,2023,16,22730454,4209343.333333,5.400000,2025,6.000000,1.111111,25256060.000000
animation,2023,spider-man-across-the-spider-verse,2023,17,24158767,4473845.740741,5.400000,2025,6.000000,1.111111,26843074.444444
animation,2023,spider-man-across-the-spider-verse,2023,18,25528082,4727422.592593,5.400000,2025,6.000000,1.111111,28364535.555556
animation,2023,spider-man-across-the-spider-verse,2023,19,27001433,5000265.370370,5.400000,2025,6.000000,1.111111,30001592.222222
animation,2023,spider-man-across-the-spider-verse,2023,20,28371721,5254022.407407,5.400000,2025,6.000000,1.111111,31524134.444444
animation,2023,spider-man-across-the-spider-verse,2023,21,29849362,5527659.629630,5.400000,2025,6.000000,1.111111,33165957.777778
animation,2023,spider-man-across-the-spider-verse,2023,22,31414324,5817467.407407,5.400000,2025,6.000000,1.111111,34904804.444444
animation,2023,spider-man-across-the-spider-verse,2023,23,32891378,6090995.925926,5.400000,2025,6.000000,1.111111,36545975.555556
animation,2023,spider-man-across-the-spider-verse,2023,24,34318658,6355307.037037,5.400000,2025,6.000000,1.111111,38131842.222222
animation,2023,spider-man-across-the-spider-verse,2023,25,35713367,6613586.481481,5.400000,2025,6.000000,1.111111,39681518.888889
animation,2023,spider-man-across-the-spider-verse,2023,26,37134891,6876831.666667,5.400000,2025,6.000000,1.111111,41260990.000000
animation,2023,spider-man-across-the-spider-verse,2023,27,37342322,6915244.814815,5.400000,2025,6.000000,1.111111,41491468.888889
animation,2023,super-mario-brothers-movie,2023,1,2164246,400786.296296,5.400000,2025,6.000000,1.111111,2404717.777778
animation,2023,super-mario-brothers-movie,2023,2,3867747,716249.444444,5.400000,2025,6.000000,1.111111,4297496.666667
animation,2023,super-mario-brothers-movie,2023,3,5189652,961046.666667,5.400000,2025,6.000000,1.111111,5766280.000000
animation,2023,super-mario-brothers-movie,2023,4,6392362,1183770.740741,5.400000,2025,6.000000,1.111111,7102624.444444
animation,2023,super-mario-brothers-movie,2023,5,7386820,1367929.629630,5.400000,2025,6.000000,1.111111,8207577.777778
animation,2023,super-mario-brothers-movie,2023,6,8335747,1543656.851852,5.400000,2025,6.000000,1.111111,9261941.111111
animation,2023,super-mario-brothers-movie,2023,7,9204783,1704589.444444,5.400000,2025,6.000000,1.111111,10227536.666667
animation,2023,super-mario-brothers-movie,2023,8,10018035,1855191.666667,5.400000,2025,6.000000,1.111111,11131150.000000
animation,2023,super-mario-brothers-movie,2023,9,10883628,2015486.666667,5.400000,2025,6.000000,1.111111,12092920.000000
animation,2023,super-mario-brothers-movie,2023,10,11696701,2166055.740741,5.400000,2025,6.000000,1.111111,12996334.444444
animation,2023,super-mario-brothers-movie,2023,11,12469278,2309125.555556,5.400000,2025,6.000000,1.111111,13854753.333333
animation,2023,super-mario-brothers-movie,2023,12,13180618,2440855.185185,5.400000,2025,6.000000,1.111111,14645131.111111
animation,2023,super-mario-brothers-movie,2023,13,13863036,2567228.888889,5.400000,2025,6.000000,1.111111,15403373.333333
animation,2023,super-mario-brothers-movie,2023,14,14475259,2680603.518519,5.400000,2025,6.000000,1.111111,16083621.111111
animation,2023,super-mario-brothers-movie,2023,15,15102140,2796692.592593,5.400000,2025,6.000000,1.111111,16780155.555556
animation,2023,super-mario-brothers-movie,2023,16,15709124,2909097.037037,5.400000,2025,6.000000,1.111111,17454582.222222
animation,2023,super-mario-brothers-movie,2023,17,16414700,3039759.259259,5.400000,2025,6.000000,1.111111,18238555.555556
animation,2023,super-mario-brothers-movie,2023,18,17277378,3199514.444444,5.400000,2025,6.000000,1.111111,19197086.666667
animation,2023,super-mario-brothers-movie,2023,19,18071298,3346536.666667,5.400000,2025,6.000000,1.111111,20079220.000000
animation,2024,arcane-02.1,2024,1,2781288,505688.727273,5.500000,2025,6.000000,1.090909,3034132.363636
animation,2024,arcane-02.1,2024,2,4876788,886688.727273,5.500000,2025,6.000000,1.090909,5320132.363636
animation,2024,arcane-02.1,2024,3,6763283,1229687.818182,5.500000,2025,6.000000,1.090909,7378126.909091
animation,2024,arcane-02.1,2024,4,8234575,1497195.454545,5.500000,2025,6.000000,1.090909,8983172.727273
animation,2024,arcane-02.1,2024,5,9511673,1729395.090909,5.500000,2025,6.000000,1.090909,10376370.545455
animation,2024,arcane-02.1,2024,6,10655571,1937376.545455,5.500000,2025,6.000000,1.090909,11624259.272727
animation,2024,arcane-02.1,2024,7,12216982,2221269.454545,5.500000,2025,6.000000,1.090909,13327616.727273
animation,2024,arcane-02.1,2024,8,14153562,2573374.909091,5.500000,2025,6.000000,1.090909,15440249.454545
animation,2024,arcane-02.1,2024,9,16008842,2910698.545455,5.500000,2025,6.000000,1.090909,17464191.272727
animation,2024,arcane-02.1,2024,10,17722616,3222293.818182,5.500000,2025,6.000000,1.090909,19333762.909091
animation,2024,arcane-02.1,2024,11,19514035,3548006.363636,5.500000,2025,6.000000,1.090909,21288038.181818
animation,2024,arcane-02.1,2024,12,21268348,3866972.363636,5.500000,2025,6.000000,1.090909,23201834.181818
animation,2024,arcane-02.1,2024,13,22980287,4178234.000000,5.500000,2025,6.000000,1.090909,25069404.000000
animation,2024,arcane-02.1,2024,14,24699973,4490904.181818,5.500000,2025,6.000000,1.090909,26945425.090909
animation,2024,arcane-02.1,2024,15,26455720,4810130.909091,5.500000,2025,6.000000,1.090909,28860785.454545
animation,2024,arcane-02.1,2024,16,28071767,5103957.636364,5.500000,2025,6.000000,1.090909,30623745.818182
animation,2024,arcane-02.1,2024,17,29680875,5396522.727273,5.500000,2025,6.000000,1.090909,32379136.363636
animation,2024,arcane-02.1,2024,18,31304093,5691653.272727,5.500000,2025,6.000000,1.090909,34149919.636364
animation,2024,arcane-02.1,2024,19,32868486,5976088.363636,5.500000,2025,6.000000,1.090909,35856530.181818
animation,2024,arcane-02.1,2024,20,34426893,6259435.090909,5.500000,2025,6.000000,1.090909,37556610.545455
animation,2024,arcane-02.1,2024,21,35845111,6517292.909091,5.500000,2025,6.000000,1.090909,39103757.454545
animation,2024,arcane-02.1,2024,22,37142867,6753248.545455,5.500000,2025,6.000000,1.090909,40519491.272727
animation,2024,arcane-02.1,2024,23,38318479,6966996.181818,5.500000,2025,6.000000,1.090909,41801977.090909
animation,2024,arcane-02.1,2024,24,39584049,7197099.818182,5.500000,2025,6.000000,1.090909,43182598.909091
animation,2024,arcane-02.1,2024,25,40858729,7428859.818182,5.500000,2025,6.000000,1.090909,44573158.909091
animation,2024,arcane-02.1,2024,26,42209243,7674407.818182,5.500000,2025,6.000000,1.090909,46046446.909091
animation,2024,arcane-02.2,2024,1,1988423,361531.454545,5.500000,2025,6.000000,1.090909,2169188.727273
animation,2024,arcane-02.2,2024,2,3955382,719160.363636,5.500000,2025,6.000000,1.090909,4314962.181818
animation,2024,arcane-02.2,2024,3,5464765,993593.636364,5.500000,2025,6.000000,1.090909,5961561.818182
animation,2024,arcane-02.2,2024,4,6790144,1234571.636364,5.500000,2025,6.000000,1.090909,7407429.818182
animation,2024,arcane-02.2,2024,5,8048190,1463307.272727,5.500000,2025,6.000000,1.090909,8779843.636364
animation,2024,arcane-02.2,2024,6,9783131,1778751.090909,5.500000,2025,6.000000,1.090909,10672506.545455
animation,2024,arcane-02.2,2024,7,11857775,2155959.090909,5.500000,2025,6.000000,1.090909,12935754.545455
animation,2024,arcane-02.2,2024,8,13764776,2502686.545455,5.500000,2025,6.000000,1.090909,15016119.272727
animation,2024,arcane-02.2,2024,9,15691999,2853090.727273,5.500000,2025,6.000000,1.090909,17118544.363636
animation,2024,arcane-02.2,2024,10,17664645,3211753.636364,5.500000,2025,6.000000,1.090909,19270521.818182
animation,2024,arcane-02.2,2024,11,19631706,3569401.090909,5.500000,2025,6.000000,1.090909,21416406.545455
animation,2024,arcane-02.2,2024,12,21574792,3922689.454545,5.500000,2025,6.000000,1.090909,23536136.727273
animation,2024,arcane-02.2,2024,13,23376521,4250276.545455,5.500000,2025,6.000000,1.090909,25501659.272727
animation,2024,arcane-02.2,2024,14,25320436,4603715.636364,5.500000,2025,6.000000,1.090909,27622293.818182
animation,2024,arcane-02.2,2024,15,27099064,4927102.545455,5.500000,2025,6.000000,1.090909,29562615.272727
animation,2024,arcane-02.2,2024,16,28832353,5242246.000000,5.500000,2025,6.000000,1.090909,31453476.000000
animation,2024,arcane-02.2,2024,17,30580164,5560029.818182,5.500000,2025,6.000000,1.090909,33360178.909091
animation,2024,arcane-02.2,2024,18,32250361,5863702.000000,5.500000,2025,6.000000,1.090909,35182212.000000
animation,2024,arcane-02.2,2024,19,33942918,6171439.636364,5.500000,2025,6.000000,1.090909,37028637.818182
animation,2024,arcane-02.2,2024,20,35603700,6473400.000000,5.500000,2025,6.000000,1.090909,38840400.000000
animation,2024,arcane-02.2,2024,21,37083064,6742375.272727,5.500000,2025,6.000000,1.090909,40454251.636364
animation,2024,arcane-02.2,2024,22,38553436,7009715.636364,5.500000,2025,6.000000,1.090909,42058293.818182
animation,2024,arcane-02.2,2024,23,39955125,7264568.181818,5.500000,2025,6.000000,1.090909,43587409.090909
animation,2024,arcane-02.2,2024,24,41379806,7523601.090909,5.500000,2025,6.000000,1.090909,45141606.545455
animation,2024,arcane-02.2,2024,25,42818329,7785150.727273,5.500000,2025,6.000000,1.090909,46710904.363636
animation,2024,arcane-02.2,2024,26,44256982,8046724.000000,5.500000,2025,6.000000,1.090909,48280344.000000
animation,2024,arcane-02.3,2024,1,2729767,496321.272727,5.500000,2025,6.000000,1.090909,2977927.636364
animation,2024,arcane-02.3,2024,2,4799657,872664.909091,5.500000,2025,6.000000,1.090909,5235989.454545
animation,2024,arcane-02.3,2024,3,6612398,1202254.181818,5.500000,2025,6.000000,1.090909,7213525.090909
animation,2024,arcane-02.3,2024,4,8438651,1534300.181818,5.500000,2025,6.000000,1.090909,9205801.090909
animation,2024,arcane-02.3,2024,5,10879285,1978051.818182,5.500000,2025,6.000000,1.090909,11868310.909091
animation,2024,arcane-02.3,2024,6,13551130,2463841.818182,5.500000,2025,6.000000,1.090909,14783050.909091
animation,2024,arcane-02.3,2024,7,16141046,2934735.636364,5.500000,2025,6.000000,1.090909,17608413.818182
animation,2024,arcane-02.3,2024,8,18669961,3394538.363636,5.500000,2025,6.000000,1.090909,20367230.181818
animation,2024,arcane-02.3,2024,9,21259942,3865444.000000,5.500000,2025,6.000000,1.090909,23192664.000000
animation,2024,arcane-02.3,2024,10,23799600,4327200.000000,5.500000,2025,6.000000,1.090909,25963200.000000
animation,2024,arcane-02.3,2024,11,26330336,4787333.818182,5.500000,2025,6.000000,1.090909,28724002.909091
animation,2024,arcane-02.3,2024,12,28803999,5237090.727273,5.500000,2025,6.000000,1.090909,31422544.363636
animation,2024,arcane-02.3,2024,13,31399124,5708931.636364,5.500000,2025,6.000000,1.090909,34253589.818182
animation,2024,arcane-02.3,2024,14,33837369,6152248.909091,5.500000,2025,6.000000,1.090909,36913493.454545
animation,2024,arcane-02.3,2024,15,36302897,6600526.727273,5.500000,2025,6.000000,1.090909,39603160.363636
animation,2024,arcane-02.3,2024,16,38814958,7057265.090909,5.500000,2025,6.000000,1.090909,42343590.545455
animation,2024,arcane-02.3,2024,17,41228207,7496037.636364,5.500000,2025,6.000000,1.090909,44976225.818182
animation,2024,arcane-02.3,2024,18,43563662,7920665.818182,5.500000,2025,6.000000,1.090909,47523994.909091
animation,2024,arcane-02.3,2024,19,45824065,8331648.181818,5.500000,2025,6.000000,1.090909,49989889.090909
animation,2024,arcane-02.3,2024,20,47769232,8685314.909091,5.500000,2025,6.000000,1.090909,52111889.454545
animation,2024,arcane-02.3,2024,21,49660968,9029266.909091,5.500000,2025,6.000000,1.090909,54175601.454545
animation,2024,arcane-02.3,2024,22,51578427,9377895.818182,5.500000,2025,6.000000,1.090909,56267374.909091
animation,2024,arcane-02.3,2024,23,53453101,9718745.636364,5.500000,2025,6.000000,1.090909,58312473.818182
animation,2024,arcane-02.3,2024,24,55296210,10053856.363636,5.500000,2025,6.000000,1.090909,60323138.181818
animation,2024,arcane-02.3,2024,25,57272865,10413248.181818,5.500000,2025,6.000000,1.090909,62479489.090909
animation,2024,arcane-02.3,2024,26,59203425,10764259.090909,5.500000,2025,6.000000,1.090909,64585554.545455
animation,2024,boy-and-the-heron,2024,1,744879,135432.545455,5.500000,2025,6.000000,1.090909,812595.272727
animation,2024,boy-and-the-heron,2024,2,1472614,267748.000000,5.500000,2025,6.000000,1.090909,1606488.000000
animation,2024,boy-and-the-heron,2024,3,2443034,444188.000000,5.500000,2025,6.000000,1.090909,2665128.000000
animation,2024,boy-and-the-heron,2024,4,3543957,644355.818182,5.500000,2025,6.000000,1.090909,3866134.909091
animation,2024,boy-and-the-heron,2024,5,4690516,852821.090909,5.500000,2025,6.000000,1.090909,5116926.545455
animation,2024,boy-and-the-heron,2024,6,5944850,1080881.818182,5.500000,2025,6.000000,1.090909,6485290.909091
animation,2024,boy-and-the-heron,2024,7,7158219,1301494.363636,5.500000,2025,6.000000,1.090909,7808966.181818
animation,2024,boy-and-the-heron,2024,8,8357907,1519619.454545,5.500000,2025,6.000000,1.090909,9117716.727273
animation,2024,boy-and-the-heron,2024,9,9522525,1731368.181818,5.500000,2025,6.000000,1.090909,10388209.090909
animation,2024,boy-and-the-heron,2024,10,10498831,1908878.363636,5.500000,2025,6.000000,1.090909,11453270.181818
animation,2024,boy-and-the-heron,2024,11,11473000,2086000.000000,5.500000,2025,6.000000,1.090909,12516000.000000
animation,2024,boy-and-the-heron,2024,12,12393700,2253400.000000,5.500000,2025,6.000000,1.090909,13520400.000000
animation,2024,boy-and-the-heron,2024,13,13342260,2425865.454545,5.500000,2025,6.000000,1.090909,14555192.727273
animation,2024,boy-and-the-heron,2024,14,14309772,2601776.727273,5.500000,2025,6.000000,1.090909,15610660.363636
animation,2024,boy-and-the-heron,2024,15,15284500,2779000.000000,5.500000,2025,6.000000,1.090909,16674000.000000
animation,2024,boy-and-the-heron,2024,16,16189106,2943473.818182,5.500000,2025,6.000000,1.090909,17660842.909091
animation,2024,boy-and-the-heron,2024,17,17035375,3097340.909091,5.500000,2025,6.000000,1.090909,18584045.454545
animation,2024,boy-and-the-heron,2024,18,17885741,3251952.909091,5.500000,2025,6.000000,1.090909,19511717.454545
animation,2024,boy-and-the-heron,2024,19,18702173,3400395.090909,5.500000,2025,6.000000,1.090909,20402370.545455
animation,2024,boy-and-the-heron,2024,20,19505247,3546408.545455,5.500000,2025,6.000000,1.090909,21278451.272727
animation,2024,boy-and-the-heron,2024,21,20324781,3695414.727273,5.500000,2025,6.000000,1.090909,22172488.363636
animation,2024,boy-and-the-heron,2024,22,21266351,3866609.272727,5.500000,2025,6.000000,1.090909,23199655.636364
animation,2024,boy-and-the-heron,2024,23,22224461,4040811.090909,5.500000,2025,6.000000,1.090909,24244866.545455
animation,2024,boy-and-the-heron,2024,24,22957776,4174141.090909,5.500000,2025,6.000000,1.090909,25044846.545455
animation,2024,boy-and-the-heron,2024,25,23820467,4330994.000000,5.500000,2025,6.000000,1.090909,25985964.000000
animation,2024,boy-and-the-heron,2024,26,24726555,4495737.272727,5.500000,2025,6.000000,1.090909,26974423.636364
animation,2024,boy-and-the-heron,2024,27,25804356,4691701.090909,5.500000,2025,6.000000,1.090909,28150206.545455
animation,2024,hit-monkey-02,2024,1,199851,36336.545455,5.500000,2025,6.000000,1.090909,218019.272727
animation,2024,hit-monkey-02,2024,2,440368,80066.909091,5.500000,2025,6.000000,1.090909,480401.454545
animation,2024,hit-monkey-02,2024,3,692009,125819.818182,5.500000,2025,6.000000,1.090909,754918.909091
animation,2024,hit-monkey-02,2024,4,943010,171456.363636,5.500000,2025,6.000000,1.090909,1028738.181818
animation,2024,hit-monkey-02,2024,5,1252207,227674.000000,5.500000,2025,6.000000,1.090909,1366044.000000
animation,2024,hit-monkey-02,2024,6,1581175,287486.363636,5.500000,2025,6.000000,1.090909,1724918.181818
animation,2024,hit-monkey-02,2024,7,1913092,347834.909091,5.500000,2025,6.000000,1.090909,2087009.454545
animation,2024,hit-monkey-02,2024,8,2240124,407295.272727,5.500000,2025,6.000000,1.090909,2443771.636364
animation,2024,hit-monkey-02,2024,9,2361729,429405.272727,5.500000,2025,6.000000,1.090909,2576431.636364
animation,2024,hit-monkey-02,2024,10,2561838,465788.727273,5.500000,2025,6.000000,1.090909,2794732.363636
animation,2024,hit-monkey-02,2024,11,2879447,523535.818182,5.500000,2025,6.000000,1.090909,3141214.909091
animation,2024,hit-monkey-02,2024,12,3217611,585020.181818,5.500000,2025,6.000000,1.090909,3510121.090909
animation,2024,hit-monkey-02,2024,13,3547640,645025.454545,5.500000,2025,6.000000,1.090909,3870152.727273
animation,2024,hit-monkey-02,2024,14,3884451,706263.818182,5.500000,2025,6.000000,1.090909,4237582.909091
animation,2024,hit-monkey-02,2024,15,4174493,758998.727273,5.500000,2025,6.000000,1.090909,4553992.363636
animation,2024,inside-out-2,2024,1,1946198,353854.181818,5.500000,2025,6.000000,1.090909,2123125.090909
animation,2024,inside-out-2,2024,2,4273232,776951.272727,5.500000,2025,6.000000,1.090909,4661707.636364
animation,2024,inside-out-2,2024,3,6208284,1128778.909091,5.500000,2025,6.000000,1.090909,6772673.454545
animation,2024,inside-out-2,2024,4,8242648,1498663.272727,5.500000,2025,6.000000,1.090909,8991979.636364
animation,2024,inside-out-2,2024,5,10531935,1914897.272727,5.500000,2025,6.000000,1.090909,11489383.636364
animation,2024,inside-out-2,2024,6,12674708,2304492.363636,5.500000,2025,6.000000,1.090909,13826954.181818
animation,2024,inside-out-2,2024,7,15036058,2733828.727273,5.500000,2025,6.000000,1.090909,16402972.363636
animation,2024,inside-out-2,2024,8,17305867,3146521.272727,5.500000,2025,6.000000,1.090909,18879127.636364
animation,2024,inside-out-2,2024,9,19385951,3524718.363636,5.500000,2025,6.000000,1.090909,21148310.181818
animation,2024,inside-out-2,2024,10,21447583,3899560.545455,5.500000,2025,6.000000,1.090909,23397363.272727
animation,2024,inside-out-2,2024,11,23343537,4244279.454545,5.500000,2025,6.000000,1.090909,25465676.727273
animation,2024,inside-out-2,2024,12,25259280,4592596.363636,5.500000,2025,6.000000,1.090909,27555578.181818
animation,2024,inside-out-2,2024,13,27073152,4922391.272727,5.500000,2025,6.000000,1.090909,29534347.636364
animation,2024,inside-out-2,2024,14,29102037,5291279.454545,5.500000,2025,6.000000,1.090909,31747676.727273
animation,2024,inside-out-2,2024,15,31367823,5703240.545455,5.500000,2025,6.000000,1.090909,34219443.272727
animation,2024,inside-out-2,2024,16,33368908,6067074.181818,5.500000,2025,6.000000,1.090909,36402445.090909
animation,2024,inside-out-2,2024,17,35323246,6422408.363636,5.500000,2025,6.000000,1.090909,38534450.181818
animation,2024,inside-out-2,2024,18,37151475,6754813.636364,5.500000,2025,6.000000,1.090909,40528881.818182
animation,2024,inside-out-2,2024,19,40230860,7314701.818182,5.500000,2025,6.000000,1.090909,43888210.909091
animation,2024,inside-out-2,2024,20,43304226,7873495.636364,5.500000,2025,6.000000,1.090909,47240973.818182
animation,2024,inside-out-2,2024,21,46440661,8443756.545455,5.500000,2025,6.000000,1.090909,50662539.272727
animation,2024,inside-out-2,2024,22,49418133,8985115.090909,5.500000,2025,6.000000,1.090909,53910690.545455
animation,2024,inside-out-2,2024,23,52436863,9533975.090909,5.500000,2025,6.000000,1.090909,57203850.545455
animation,2024,inside-out-2,2024,24,55511771,10093049.272727,5.500000,2025,6.000000,1.090909,60558295.636364
animation,2024,inside-out-2,2024,25,58498991,10636180.181818,5.500000,2025,6.000000,1.090909,63817081.090909
animation,2024,inside-out-2,2024,26,61493848,11180699.636364,5.500000,2025,6.000000,1.090909,67084197.818182
animation,2024,inside-out-2,2024,27,64436272,11715685.818182,5.500000,2025,6.000000,1.090909,70294114.909091
animation,2024,inside-out-2,2024,28,66093610,12017020.000000,5.500000,2025,6.000000,1.090909,72102120.000000
animation,2024,what-if-2021-03,2024,1,943387,171524.909091,5.500000,2025,6.000000,1.090909,1029149.454545
animation,2024,what-if-2021-03,2024,2,2924900,531800.000000,5.500000,2025,6.000000,1.090909,3190800.000000
animation,2024,what-if-2021-03,2024,3,5022521,913185.636364,5.500000,2025,6.000000,1.090909,5479113.818182
animation,2024,what-if-2021-03,2024,4,7823867,1422521.272727,5.500000,2025,6.000000,1.090909,8535127.636364
animation,2024,what-if-2021-03,2024,5,10659733,1938133.272727,5.500000,2025,6.000000,1.090909,11628799.636364
animation,2024,what-if-2021-03,2024,6,13514178,2457123.272727,5.500000,2025,6.000000,1.090909,14742739.636364
animation,2024,what-if-2021-03,2024,7,16237550,2952281.818182,5.500000,2025,6.000000,1.090909,17713690.909091
animation,2024,what-if-2021-03,2024,8,19050028,3463641.454545,5.500000,2025,6.000000,1.090909,20781848.727273
animation,2024,what-if-2021-03,2024,9,21885810,3979238.181818,5.500000,2025,6.000000,1.090909,23875429.090909
animation,2024,what-if-2021-03,2024,10,24491583,4453015.090909,5.500000,2025,6.000000,1.090909,26718090.545455
animation,2024,what-if-2021-03,2024,11,27070992,4921998.545455,5.500000,2025,6.000000,1.090909,29531991.272727
animation,2024,what-if-2021-03,2024,12,29539914,5370893.454545,5.500000,2025,6.000000,1.090909,32225360.727273
animation,2024,what-if-2021-03,2024,13,31994521,5817185.636364,5.500000,2025,6.000000,1.090909,34903113.818182
animation,2024,what-if-2021-03,2024,14,34463633,6266115.090909,5.500000,2025,6.000000,1.090909,37596690.545455
animation,2024,what-if-2021-03,2024,15,36728759,6677956.181818,5.500000,2025,6.000000,1.090909,40067737.090909
animation,2024,what-if-2021-03,2024,16,38686657,7033937.636364,5.500000,2025,6.000000,1.090909,42203625.818182
animation,2024,what-if-2021-03,2024,17,40656977,7392177.636364,5.500000,2025,6.000000,1.090909,44353065.818182
animation,2024,what-if-2021-03,2024,18,42716730,7766678.181818,5.500000,2025,6.000000,1.090909,46600069.090909
animation,2024,what-if-2021-03,2024,19,44676347,8122972.181818,5.500000,2025,6.000000,1.090909,48737833.090909
animation,2024,what-if-2021-03,2024,20,46630249,8478227.090909,5.500000,2025,6.000000,1.090909,50869362.545455
animation,2024,what-if-2021-03,2024,21,48532165,8824030.000000,5.500000,2025,6.000000,1.090909,52944180.000000
animation,2024,what-if-2021-03,2024,22,50563890,9193434.545455,5.500000,2025,6.000000,1.090909,55160607.272727
animation,2024,what-if-2021-03,2024,23,52567786,9557779.272727,5.500000,2025,6.000000,1.090909,57346675.636364
animation,2024,what-if-2021-03,2024,24,54626938,9932170.545455,5.500000,2025,6.000000,1.090909,59593023.272727
animation,2024,what-if-2021-03,2024,25,55843811,10153420.181818,5.500000,2025,6.000000,1.090909,60920521.090909
animation,2024,what-if-2021-03,2024,26,57989142,10543480.363636,5.500000,2025,6.000000,1.090909,63260882.181818
animation,2024,wild-robot,2024,1,2088652,379754.909091,5.500000,2025,6.000000,1.090909,2278529.454545
animation,2024,wild-robot,2024,2,4042182,734942.181818,5.500000,2025,6.000000,1.090909,4409653.090909
animation,2024,wild-robot,2024,3,5826154,1059300.727273,5.500000,2025,6.000000,1.090909,6355804.363636
animation,2024,wild-robot,2024,4,7458672,1356122.181818,5.500000,2025,6.000000,1.090909,8136733.090909
animation,2024,wild-robot,2024,5,8986522,1633913.090909,5.500000,2025,6.000000,1.090909,9803478.545455
animation,2024,wild-robot,2024,6,10551072,1918376.727273,5.500000,2025,6.000000,1.090909,11510260.363636
animation,2024,wild-robot,2024,7,12310212,2238220.363636,5.500000,2025,6.000000,1.090909,13429322.181818
animation,2024,wild-robot,2024,8,13820491,2512816.545455,5.500000,2025,6.000000,1.090909,15076899.272727
animation,2024,wild-robot,2024,9,15455540,2810098.181818,5.500000,2025,6.000000,1.090909,16860589.090909
animation,2024,wild-robot,2024,10,17230040,3132734.545455,5.500000,2025,6.000000,1.090909,18796407.272727
animation,2024,wild-robot,2024,11,18573823,3377058.727273,5.500000,2025,6.000000,1.090909,20262352.363636
animation,2024,wild-robot,2024,12,21216496,3857544.727273,5.500000,2025,6.000000,1.090909,23145268.363636
animation,2024,wild-robot,2024,13,23073319,4195148.909091,5.500000,2025,6.000000,1.090909,25170893.454545
animation,2024,wild-robot,2024,14,25705393,4673707.818182,5.500000,2025,6.000000,1.090909,28042246.909091
animation,2024,wild-robot,2024,15,28332349,5151336.181818,5.500000,2025,6.000000,1.090909,30908017.090909
animation,2024,wild-robot,2024,16,30840422,5607349.454545,5.500000,2025,6.000000,1.090909,33644096.727273
animation,2024,wild-robot,2024,17,33363282,6066051.272727,5.500000,2025,6.000000,1.090909,36396307.636364
animation,2024,wild-robot,2024,18,35920196,6530944.727273,5.500000,2025,6.000000,1.090909,39185668.363636
animation,2024,wild-robot,2024,19,38399964,6981811.636364,5.500000,2025,6.000000,1.090909,41890869.818182
animation,2024,wild-robot,2024,20,40827605,7423200.909091,5.500000,2025,6.000000,1.090909,44539205.454545
animation,2024,wild-robot,2024,21,43181797,7851235.818182,5.500000,2025,6.000000,1.090909,47107414.909091
animation,2024,wild-robot,2024,22,45617508,8294092.363636,5.500000,2025,6.000000,1.090909,49764554.181818
animation,2024,wild-robot,2024,23,47797568,8690466.909091,5.500000,2025,6.000000,1.090909,52142801.454545
animation,2024,wild-robot,2024,24,50019721,9094494.727273,5.500000,2025,6.000000,1.090909,54566968.363636
animation,2024,wild-robot,2024,25,51944323,9444422.363636,5.500000,2025,6.000000,1.090909,56666534.181818
animation,2024,wild-robot,2024,26,53841860,9789429.090909,5.500000,2025,6.000000,1.090909,58736574.545455
animation,2024,wild-robot,2024,27,55771187,10140215.818182,5.500000,2025,6.000000,1.090909,60841294.909091
animation,2025,common-side-effects-01,2025,1,251492,41915.333333,6.000000,2025,6.000000,1.000000,251492.000000
animation,2025,common-side-effects-01,2025,2,704337,117389.500000,6.000000,2025,6.000000,1.000000,704337.000000
animation,2025,common-side-effects-01,2025,3,1375395,229232.500000,6.000000,2025,6.000000,1.000000,1375395.000000
animation,2025,common-side-effects-01,2025,4,2309443,384907.166667,6.000000,2025,6.000000,1.000000,2309443.000000
animation,2025,common-side-effects-01,2025,5,3464213,577368.833333,6.000000,2025,6.000000,1.000000,3464213.000000
animation,2025,common-side-effects-01,2025,6,4788662,798110.333333,6.000000,2025,6.000000,1.000000,4788662.000000
animation,2025,common-side-effects-01,2025,7,6298273,1049712.166667,6.000000,2025,6.000000,1.000000,6298273.000000
animation,2025,common-side-effects-01,2025,8,7877307,1312884.500000,6.000000,2025,6.000000,1.000000,7877307.000000
animation,2025,common-side-effects-01,2025,9,9702987,1617164.500000,6.000000,2025,6.000000,1.000000,9702987.000000
animation,2025,common-side-effects-01,2025,10,11408174,1901362.333333,6.000000,2025,6.000000,1.000000,11408174.000000
animation,2025,common-side-effects-01,2025,11,13044949,2174158.166667,6.000000,2025,6.000000,1.000000,13044949.000000
animation,2025,common-side-effects-01,2025,12,14740462,2456743.666667,6.000000,2025,6.000000,1.000000,14740462.000000
animation,2025,common-side-effects-01,2025,13,16359620,2726603.333333,6.000000,2025,6.000000,1.000000,16359620.000000
animation,2025,common-side-effects-01,2025,14,17950952,2991825.333333,6.000000,2025,6.000000,1.000000,17950952.000000
animation,2025,common-side-effects-01,2025,15,19602474,3267079.000000,6.000000,2025,6.000000,1.000000,19602474.000000
animation,2025,common-side-effects-01,2025,16,19827286,3304547.666667,6.000000,2025,6.000000,1.000000,19827286.000000
animation,2025,dan-da-dan-210,2025,1,385752,64292.000000,6.000000,2025,6.000000,1.000000,385752.000000
animation,2025,dan-da-dan-210,2025,2,1533528,255588.000000,6.000000,2025,6.000000,1.000000,1533528.000000
animation,2025,dan-da-dan-210,2025,3,3819759,636626.500000,6.000000,2025,6.000000,1.000000,3819759.000000
animation,2025,dan-da-dan-210,2025,4,6284476,1047412.666667,6.000000,2025,6.000000,1.000000,6284476.000000
animation,2025,dan-da-dan-210,2025,5,8760818,1460136.333333,6.000000,2025,6.000000,1.000000,8760818.000000
animation,2025,dan-da-dan-210,2025,6,11494904,1915817.333333,6.000000,2025,6.000000,1.000000,11494904.000000
animation,2025,dan-da-dan-210,2025,7,13894079,2315679.833333,6.000000,2025,6.000000,1.000000,13894079.000000
animation,2025,dan-da-dan-210,2025,8,16417411,2736235.166667,6.000000,2025,6.000000,1.000000,16417411.000000
animation,2025,dan-da-dan-210,2025,9,18895251,3149208.500000,6.000000,2025,6.000000,1.000000,18895251.000000
animation,2025,dan-da-dan-210,2025,10,21439448,3573241.333333,6.000000,2025,6.000000,1.000000,21439448.000000
animation,2025,dan-da-dan-210,2025,11,23931419,3988569.833333,6.000000,2025,6.000000,1.000000,23931419.000000
animation,2025,dan-da-dan-210,2025,12,26339483,4389913.833333,6.000000,2025,6.000000,1.000000,26339483.000000
animation,2025,dan-da-dan-210,2025,13,28992770,4832128.333333,6.000000,2025,6.000000,1.000000,28992770.000000
animation,2025,dan-da-dan-210,2025,14,31786012,5297668.666667,6.000000,2025,6.000000,1.000000,31786012.000000
animation,2025,dan-da-dan-210,2025,15,34848052,5808008.666667,6.000000,2025,6.000000,1.000000,34848052.000000
animation,2025,dan-da-dan-210,2025,16,37425018,6237503.000000,6.000000,2025,6.000000,1.000000,37425018.000000
animation,2025,dan-da-dan-210,2025,17,39894661,6649110.166667,6.000000,2025,6.000000,1.000000,39894661.000000
animation,2025,dan-da-dan-210,2025,18,42823961,7137326.833333,6.000000,2025,6.000000,1.000000,42823961.000000
animation,2025,dan-da-dan-210,2025,19,45697880,7616313.333333,6.000000,2025,6.000000,1.000000,45697880.000000
animation,2025,dan-da-dan-210,2025,20,48484282,8080713.666667,6.000000,2025,6.000000,1.000000,48484282.000000
animation,2025,dan-da-dan-210,2025,21,51313618,8552269.666667,6.000000,2025,6.000000,1.000000,51313618.000000
animation,2025,dan-da-dan-210,2025,22,53984871,8997478.500000,6.000000,2025,6.000000,1.000000,53984871.000000
animation,2025,dan-da-dan-210,2025,23,56774403,9462400.500000,6.000000,2025,6.000000,1.000000,56774403.000000
animation,2025,dan-da-dan-210,2025,24,59642824,9940470.666667,6.000000,2025,6.000000,1.000000,59642824.000000
animation,2025,dan-da-dan-210,2025,25,62361196,10393532.666667,6.000000,2025,6.000000,1.000000,62361196.000000
animation,2025,dan-da-dan-210,2025,26,64689074,10781512.333333,6.000000,2025,6.000000,1.000000,64689074.000000
animation,2025,eyes-of-wakanda-01,2025,1,729376,121562.666667,6.000000,2025,6.000000,1.000000,729376.000000
animation,2025,eyes-of-wakanda-01,2025,2,2043484,340580.666667,6.000000,2025,6.000000,1.000000,2043484.000000
animation,2025,eyes-of-wakanda-01,2025,3,3106364,517727.333333,6.000000,2025,6.000000,1.000000,3106364.000000
animation,2025,eyes-of-wakanda-01,2025,4,3978142,663023.666667,6.000000,2025,6.000000,1.000000,3978142.000000
animation,2025,eyes-of-wakanda-01,2025,5,5023271,837211.833333,6.000000,2025,6.000000,1.000000,5023271.000000
animation,2025,eyes-of-wakanda-01,2025,6,6037871,1006311.833333,6.000000,2025,6.000000,1.000000,6037871.000000
animation,2025,eyes-of-wakanda-01,2025,7,7022177,1170362.833333,6.000000,2025,6.000000,1.000000,7022177.000000
animation,2025,eyes-of-wakanda-01,2025,8,8130803,1355133.833333,6.000000,2025,6.000000,1.000000,8130803.000000
animation,2025,eyes-of-wakanda-01,2025,9,9308212,1551368.666667,6.000000,2025,6.000000,1.000000,9308212.000000
animation,2025,eyes-of-wakanda-01,2025,10,10483902,1747317.000000,6.000000,2025,6.000000,1.000000,10483902.000000
animation,2025,eyes-of-wakanda-01,2025,11,11748394,1958065.666667,6.000000,2025,6.000000,1.000000,11748394.000000
animation,2025,eyes-of-wakanda-01,2025,12,12910293,2151715.500000,6.000000,2025,6.000000,1.000000,12910293.000000
animation,2025,eyes-of-wakanda-01,2025,13,14127786,2354631.000000,6.000000,2025,6.000000,1.000000,14127786.000000
animation,2025,eyes-of-wakanda-01,2025,14,15372899,2562149.833333,6.000000,2025,6.000000,1.000000,15372899.000000
animation,2025,eyes-of-wakanda-01,2025,15,16556718,2759453.000000,6.000000,2025,6.000000,1.000000,16556718.000000
animation,2025,eyes-of-wakanda-01,2025,16,17679697,2946616.166667,6.000000,2025,6.000000,1.000000,17679697.000000
animation,2025,eyes-of-wakanda-01,2025,17,18808417,3134736.166667,6.000000,2025,6.000000,1.000000,18808417.000000
animation,2025,eyes-of-wakanda-01,2025,18,20050909,3341818.166667,6.000000,2025,6.000000,1.000000,20050909.000000
animation,2025,eyes-of-wakanda-01,2025,19,21486372,3581062.000000,6.000000,2025,6.000000,1.000000,21486372.000000
animation,2025,eyes-of-wakanda-01,2025,20,23002777,3833796.166667,6.000000,2025,6.000000,1.000000,23002777.000000
animation,2025,eyes-of-wakanda-01,2025,21,24177906,4029651.000000,6.000000,2025,6.000000,1.000000,24177906.000000
animation,2025,eyes-of-wakanda-01,2025,22,25448014,4241335.666667,6.000000,2025,6.000000,1.000000,25448014.000000
animation,2025,eyes-of-wakanda-01,2025,23,26864429,4477404.833333,6.000000,2025,6.000000,1.000000,26864429.000000
animation,2025,eyes-of-wakanda-01,2025,24,28248311,4708051.833333,6.000000,2025,6.000000,1.000000,28248311.000000
animation,2025,eyes-of-wakanda-01,2025,25,29575344,4929224.000000,6.000000,2025,6.000000,1.000000,29575344.000000
animation,2025,eyes-of-wakanda-01,2025,26,30938193,5156365.500000,6.000000,2025,6.000000,1.000000,30938193.000000
animation,2025,invincible-301,2025,1,1584076,264012.666667,6.000000,2025,6.000000,1.000000,1584076.000000
animation,2025,invincible-301,2025,2,3150556,525092.666667,6.000000,2025,6.000000,1.000000,3150556.000000
animation,2025,invincible-301,2025,3,4502461,750410.166667,6.000000,2025,6.000000,1.000000,4502461.000000
animation,2025,invincible-301,2025,4,5742339,957056.500000,6.000000,2025,6.000000,1.000000,5742339.000000
animation,2025,invincible-301,2025,5,6985828,1164304.666667,6.000000,2025,6.000000,1.000000,6985828.000000
animation,2025,invincible-301,2025,6,8293518,1382253.000000,6.000000,2025,6.000000,1.000000,8293518.000000
animation,2025,invincible-301,2025,7,9525644,1587607.333333,6.000000,2025,6.000000,1.000000,9525644.000000
animation,2025,invincible-301,2025,8,10681156,1780192.666667,6.000000,2025,6.000000,1.000000,10681156.000000
animation,2025,invincible-301,2025,9,11715291,1952548.500000,6.000000,2025,6.000000,1.000000,11715291.000000
animation,2025,invincible-301,2025,10,12660365,2110060.833333,6.000000,2025,6.000000,1.000000,12660365.000000
animation,2025,invincible-301,2025,11,13618952,2269825.333333,6.000000,2025,6.000000,1.000000,13618952.000000
animation,2025,invincible-301,2025,12,14511863,2418643.833333,6.000000,2025,6.000000,1.000000,14511863.000000
animation,2025,invincible-301,2025,13,15350213,2558368.833333,6.000000,2025,6.000000,1.000000,15350213.000000
animation,2025,invincible-301,2025,14,16289592,2714932.000000,6.000000,2025,6.000000,1.000000,16289592.000000
animation,2025,invincible-301,2025,15,17149288,2858214.666667,6.000000,2025,6.000000,1.000000,17149288.000000
animation,2025,king-of-the-hill-14,2025,1,1150125,191687.500000,6.000000,2025,6.000000,1.000000,1150125.000000
animation,2025,king-of-the-hill-14,2025,2,2326092,387682.000000,6.000000,2025,6.000000,1.000000,2326092.000000
animation,2025,king-of-the-hill-14,2025,3,3314698,552449.666667,6.000000,2025,6.000000,1.000000,3314698.000000
animation,2025,king-of-the-hill-14,2025,4,4186386,697731.000000,6.000000,2025,6.000000,1.000000,4186386.000000
animation,2025,king-of-the-hill-14,2025,5,5167337,861222.833333,6.000000,2025,6.000000,1.000000,5167337.000000
animation,2025,king-of-the-hill-14,2025,6,6091501,1015250.166667,6.000000,2025,6.000000,1.000000,6091501.000000
animation,2025,king-of-the-hill-14,2025,7,6964591,1160765.166667,6.000000,2025,6.000000,1.000000,6964591.000000
animation,2025,king-of-the-hill-14,2025,8,7987104,1331184.000000,6.000000,2025,6.000000,1.000000,7987104.000000
animation,2025,king-of-the-hill-14,2025,9,9042437,1507072.833333,6.000000,2025,6.000000,1.000000,9042437.000000
animation,2025,king-of-the-hill-14,2025,10,10137975,1689662.500000,6.000000,2025,6.000000,1.000000,10137975.000000
animation,2025,king-of-the-hill-14,2025,11,11174587,1862431.166667,6.000000,2025,6.000000,1.000000,11174587.000000
animation,2025,king-of-the-hill-14,2025,12,12203986,2033997.666667,6.000000,2025,6.000000,1.000000,12203986.000000
animation,2025,king-of-the-hill-14,2025,13,13231169,2205194.833333,6.000000,2025,6.000000,1.000000,13231169.000000
animation,2025,king-of-the-hill-14,2025,14,14212525,2368754.166667,6.000000,2025,6.000000,1.000000,14212525.000000
animation,2025,king-of-the-hill-14,2025,15,15207885,2534647.500000,6.000000,2025,6.000000,1.000000,15207885.000000
animation,2025,lazarus-101,2025,1,399619,66603.166667,6.000000,2025,6.000000,1.000000,399619.000000
animation,2025,lazarus-101,2025,2,1265578,210929.666667,6.000000,2025,6.000000,1.000000,1265578.000000
animation,2025,lazarus-101,2025,3,2412132,402022.000000,6.000000,2025,6.000000,1.000000,2412132.000000
animation,2025,lazarus-101,2025,4,3624610,604101.666667,6.000000,2025,6.000000,1.000000,3624610.000000
animation,2025,lazarus-101,2025,5,4809653,801608.833333,6.000000,2025,6.000000,1.000000,4809653.000000
animation,2025,lazarus-101,2025,6,5916009,986001.500000,6.000000,2025,6.000000,1.000000,5916009.000000
animation,2025,lazarus-101,2025,7,7066095,1177682.500000,6.000000,2025,6.000000,1.000000,7066095.000000
animation,2025,lazarus-101,2025,8,8242954,1373825.666667,6.000000,2025,6.000000,1.000000,8242954.000000
animation,2025,lazarus-101,2025,9,9369702,1561617.000000,6.000000,2025,6.000000,1.000000,9369702.000000
animation,2025,lazarus-101,2025,10,10593530,1765588.333333,6.000000,2025,6.000000,1.000000,10593530.000000
animation,2025,lazarus-101,2025,11,11864698,1977449.666667,6.000000,2025,6.000000,1.000000,11864698.000000
animation,2025,lazarus-101,2025,12,13148201,2191366.833333,6.000000,2025,6.000000,1.000000,13148201.000000
animation,2025,lazarus-101,2025,13,14333982,2388997.000000,6.000000,2025,6.000000,1.000000,14333982.000000
animation,2025,lazarus-101,2025,14,15563825,2593970.833333,6.000000,2025,6.000000,1.000000,15563825.000000
animation,2025,lazarus-101,2025,15,16821014,2803502.333333,6.000000,2025,6.000000,1.000000,16821014.000000
animation,2025,lazarus-101,2025,16,18054598,3009099.666667,6.000000,2025,6.000000,1.000000,18054598.000000
animation,2025,lazarus-101,2025,17,19765398,3294233.000000,6.000000,2025,6.000000,1.000000,19765398.000000
animation,2025,lazarus-101,2025,18,20897194,3482865.666667,6.000000,2025,6.000000,1.000000,20897194.000000
animation,2025,lazarus-101,2025,19,22176182,3696030.333333,6.000000,2025,6.000000,1.000000,22176182.000000
animation,2025,lazarus-101,2025,20,23309923,3884987.166667,6.000000,2025,6.000000,1.000000,23309923.000000
animation,2025,lazarus-101,2025,21,24375274,4062545.666667,6.000000,2025,6.000000,1.000000,24375274.000000
animation,2025,lazarus-101,2025,22,25539714,4256619.000000,6.000000,2025,6.000000,1.000000,25539714.000000
animation,2025,lazarus-101,2025,23,26679676,4446612.666667,6.000000,2025,6.000000,1.000000,26679676.000000
animation,2025,lazarus-101,2025,24,27805576,4634262.666667,6.000000,2025,6.000000,1.000000,27805576.000000
animation,2025,lazarus-101,2025,25,29155168,4859194.666667,6.000000,2025,6.000000,1.000000,29155168.000000
animation,2025,lazarus-101,2025,26,30540877,5090146.166667,6.000000,2025,6.000000,1.000000,30540877.000000
animation,2025,lazarus-108,2025,1,146746,24457.666667,6.000000,2025,6.000000,1.000000,146746.000000
animation,2025,lazarus-108,2025,2,566745,94457.500000,6.000000,2025,6.000000,1.000000,566745.000000
animation,2025,lazarus-108,2025,3,1036398,172733.000000,6.000000,2025,6.000000,1.000000,1036398.000000
animation,2025,lazarus-108,2025,4,1521437,253572.833333,6.000000,2025,6.000000,1.000000,1521437.000000
animation,2025,lazarus-108,2025,5,1992709,332118.166667,6.000000,2025,6.000000,1.000000,1992709.000000
animation,2025,lazarus-108,2025,6,2418792,403132.000000,6.000000,2025,6.000000,1.000000,2418792.000000
animation,2025,lazarus-108,2025,7,2819477,469912.833333,6.000000,2025,6.000000,1.000000,2819477.000000
animation,2025,lazarus-108,2025,8,3208216,534702.666667,6.000000,2025,6.000000,1.000000,3208216.000000
animation,2025,lazarus-108,2025,9,3586164,597694.000000,6.000000,2025,6.000000,1.000000,3586164.000000
animation,2025,lazarus-108,2025,10,4128545,688090.833333,6.000000,2025,6.000000,1.000000,4128545.000000
animation,2025,lazarus-111,2025,1,361977,60329.500000,6.000000,2025,6.000000,1.000000,361977.000000
animation,2025,lazarus-111,2025,2,956580,159430.000000,6.000000,2025,6.000000,1.000000,956580.000000
animation,2025,lazarus-111,2025,3,1801232,300205.333333,6.000000,2025,6.000000,1.000000,1801232.000000
animation,2025,lazarus-111,2025,4,2910754,485125.666667,6.000000,2025,6.000000,1.000000,2910754.000000
animation,2025,lazarus-111,2025,5,4074212,679035.333333,6.000000,2025,6.000000,1.000000,4074212.000000
animation,2025,lazarus-111,2025,6,5423714,903952.333333,6.000000,2025,6.000000,1.000000,5423714.000000
animation,2025,lazarus-111,2025,7,7216323,1202720.500000,6.000000,2025,6.000000,1.000000,7216323.000000
animation,2025,lazarus-111,2025,8,8413092,1402182.000000,6.000000,2025,6.000000,1.000000,8413092.000000
animation,2025,lazarus-111,2025,9,9757296,1626216.000000,6.000000,2025,6.000000,1.000000,9757296.000000
animation,2025,lazarus-111,2025,10,10915782,1819297.000000,6.000000,2025,6.000000,1.000000,10915782.000000
animation,2025,lazarus-111,2025,11,11988883,1998147.166667,6.000000,2025,6.000000,1.000000,11988883.000000
animation,2025,lazarus-111,2025,12,13217014,2202835.666667,6.000000,2025,6.000000,1.000000,13217014.000000
animation,2025,lazarus-111,2025,13,14327220,2387870.000000,6.000000,2025,6.000000,1.000000,14327220.000000
animation,2025,lazarus-111,2025,14,15515941,2585990.166667,6.000000,2025,6.000000,1.000000,15515941.000000
animation,2025,lazarus-111,2025,15,16935738,2822623.000000,6.000000,2025,6.000000,1.000000,16935738.000000
animation,2025,lazarus-111,2025,16,17914010,2985668.333333,6.000000,2025,6.000000,1.000000,17914010.000000
animation,2025,lazarus-111,2025,17,18099073,3016512.166667,6.000000,2025,6.000000,1.000000,18099073.000000
animation,2025,love-death-robots-04,2025,1,1288805,214800.833333,6.000000,2025,6.000000,1.000000,1288805.000000
animation,2025,love-death-robots-04,2025,2,2827190,471198.333333,6.000000,2025,6.000000,1.000000,2827190.000000
animation,2025,love-death-robots-04,2025,3,4392026,732004.333333,6.000000,2025,6.000000,1.000000,4392026.000000
animation,2025,love-death-robots-04,2025,4,6021520,1003586.666667,6.000000,2025,6.000000,1.000000,6021520.000000
animation,2025,love-death-robots-04,2025,5,7603568,1267261.333333,6.000000,2025,6.000000,1.000000,7603568.000000
animation,2025,love-death-robots-04,2025,6,9277448,1546241.333333,6.000000,2025,6.000000,1.000000,9277448.000000
animation,2025,love-death-robots-04,2025,7,10785021,1797503.500000,6.000000,2025,6.000000,1.000000,10785021.000000
animation,2025,love-death-robots-04,2025,8,12105683,2017613.833333,6.000000,2025,6.000000,1.000000,12105683.000000
animation,2025,love-death-robots-04,2025,9,13442281,2240380.166667,6.000000,2025,6.000000,1.000000,13442281.000000
animation,2025,love-death-robots-04,2025,10,14775408,2462568.000000,6.000000,2025,6.000000,1.000000,14775408.000000
animation,2025,love-death-robots-04,2025,11,16363182,2727197.000000,6.000000,2025,6.000000,1.000000,16363182.000000
animation,2025,love-death-robots-04,2025,12,17873253,2978875.500000,6.000000,2025,6.000000,1.000000,17873253.000000
animation,2025,love-death-robots-04,2025,13,19452904,3242150.666667,6.000000,2025,6.000000,1.000000,19452904.000000
animation,2025,love-death-robots-04,2025,14,20795379,3465896.500000,6.000000,2025,6.000000,1.000000,20795379.000000
animation,2025,love-death-robots-04,2025,15,21970042,3661673.666667,6.000000,2025,6.000000,1.000000,21970042.000000
animation,2025,moana-2,2025,1,2766551,461091.833333,6.000000,2025,6.000000,1.000000,2766551.000000
animation,2025,moana-2,2025,2,5222760,870460.000000,6.000000,2025,6.000000,1.000000,5222760.000000
animation,2025,moana-2,2025,3,7736145,1289357.500000,6.000000,2025,6.000000,1.000000,7736145.000000
animation,2025,moana-2,2025,4,10362147,1727024.500000,6.000000,2025,6.000000,1.000000,10362147.000000
animation,2025,moana-2,2025,5,12819400,2136566.666667,6.000000,2025,6.000000,1.000000,12819400.000000
animation,2025,moana-2,2025,6,15186210,2531035.000000,6.000000,2025,6.000000,1.000000,15186210.000000
animation,2025,moana-2,2025,7,17976541,2996090.166667,6.000000,2025,6.000000,1.000000,17976541.000000
animation,2025,moana-2,2025,8,20915915,3485985.833333,6.000000,2025,6.000000,1.000000,20915915.000000
animation,2025,moana-2,2025,9,23984714,3997452.333333,6.000000,2025,6.000000,1.000000,23984714.000000
animation,2025,moana-2,2025,10,26717939,4452989.833333,6.000000,2025,6.000000,1.000000,26717939.000000
animation,2025,moana-2,2025,11,29273813,4878968.833333,6.000000,2025,6.000000,1.000000,29273813.000000
animation,2025,moana-2,2025,12,31869725,5311620.833333,6.000000,2025,6.000000,1.000000,31869725.000000
animation,2025,moana-2,2025,13,34444319,5740719.833333,6.000000,2025,6.000000,1.000000,34444319.000000
animation,2025,moana-2,2025,14,36884248,6147374.666667,6.000000,2025,6.000000,1.000000,36884248.000000
animation,2025,moana-2,2025,15,39348925,6558154.166667,6.000000,2025,6.000000,1.000000,39348925.000000
animation,2025,moana-2,2025,16,41767293,6961215.500000,6.000000,2025,6.000000,1.000000,41767293.000000
animation,2025,moana-2,2025,17,44119726,7353287.666667,6.000000,2025,6.000000,1.000000,44119726.000000
animation,2025,moana-2,2025,18,46486730,7747788.333333,6.000000,2025,6.000000,1.000000,46486730.000000
animation,2025,moana-2,2025,19,48904071,8150678.500000,6.000000,2025,6.000000,1.000000,48904071.000000
animation,2025,moana-2,2025,20,51451453,8575242.166667,6.000000,2025,6.000000,1.000000,51451453.000000
animation,2025,moana-2,2025,21,53899549,8983258.166667,6.000000,2025,6.000000,1.000000,53899549.000000
animation,2025,moana-2,2025,22,56328248,9388041.333333,6.000000,2025,6.000000,1.000000,56328248.000000
animation,2025,moana-2,2025,23,58616975,9769495.833333,6.000000,2025,6.000000,1.000000,58616975.000000
animation,2025,moana-2,2025,24,60819180,10136530.000000,6.000000,2025,6.000000,1.000000,60819180.000000
animation,2025,moana-2,2025,25,62954234,10492372.333333,6.000000,2025,6.000000,1.000000,62954234.000000
animation,2025,moana-2,2025,26,65364819,10894136.500000,6.000000,2025,6.000000,1.000000,65364819.000000
animation,2025,predator-killer-of-killers,2025,1,1538653,256442.166667,6.000000,2025,6.000000,1.000000,1538653.000000
animation,2025,predator-killer-of-killers,2025,2,2969720,494953.333333,6.000000,2025,6.000000,1.000000,2969720.000000
animation,2025,predator-killer-of-killers,2025,3,4264053,710675.500000,6.000000,2025,6.000000,1.000000,4264053.000000
animation,2025,predator-killer-of-killers,2025,4,5425784,904297.333333,6.000000,2025,6.000000,1.000000,5425784.000000
animation,2025,predator-killer-of-killers,2025,5,6478227,1079704.500000,6.000000,2025,6.000000,1.000000,6478227.000000
animation,2025,predator-killer-of-killers,2025,6,7396523,1232753.833333,6.000000,2025,6.000000,1.000000,7396523.000000
animation,2025,predator-killer-of-killers,2025,7,8322935,1387155.833333,6.000000,2025,6.000000,1.000000,8322935.000000
animation,2025,predator-killer-of-killers,2025,8,9563810,1593968.333333,6.000000,2025,6.000000,1.000000,9563810.000000
animation,2025,predator-killer-of-killers,2025,10,10633054,1772175.666667,6.000000,2025,6.000000,1.000000,10633054.000000
animation,2025,predator-killer-of-killers,2025,11,11544271,1924045.166667,6.000000,2025,6.000000,1.000000,11544271.000000
animation,2025,predator-killer-of-killers,2025,12,12360448,2060074.666667,6.000000,2025,6.000000,1.000000,12360448.000000
animation,2025,predator-killer-of-killers,2025,13,13280868,2213478.000000,6.000000,2025,6.000000,1.000000,13280868.000000
animation,2025,predator-killer-of-killers,2025,14,14214380,2369063.333333,6.000000,2025,6.000000,1.000000,14214380.000000
animation,2025,predator-killer-of-killers,2025,15,15029762,2504960.333333,6.000000,2025,6.000000,1.000000,15029762.000000
animation,2025,predator-killer-of-killers,2025,16,15732708,2622118.000000,6.000000,2025,6.000000,1.000000,15732708.000000
animation,2025,prehistoric-planet-03,2025,1,613223,102203.833333,6.000000,2025,6.000000,1.000000,613223.000000
animation,2025,prehistoric-planet-03,2025,2,1659523,276587.166667,6.000000,2025,6.000000,1.000000,1659523.000000
animation,2025,prehistoric-planet-03,2025,3,2854194,475699.000000,6.000000,2025,6.000000,1.000000,2854194.000000
animation,2025,prehistoric-planet-03,2025,4,4059714,676619.000000,6.000000,2025,6.000000,1.000000,4059714.000000
animation,2025,prehistoric-planet-03,2025,5,5405993,900998.833333,6.000000,2025,6.000000,1.000000,5405993.000000
animation,2025,prehistoric-planet-03,2025,6,6893613,1148935.500000,6.000000,2025,6.000000,1.000000,6893613.000000
animation,2025,prehistoric-planet-03,2025,7,8268318,1378053.000000,6.000000,2025,6.000000,1.000000,8268318.000000
animation,2025,prehistoric-planet-03,2025,8,9450183,1575030.500000,6.000000,2025,6.000000,1.000000,9450183.000000
animation,2025,prehistoric-planet-03,2025,9,10791427,1798571.166667,6.000000,2025,6.000000,1.000000,10791427.000000
animation,2025,prehistoric-planet-03,2025,10,12134402,2022400.333333,6.000000,2025,6.000000,1.000000,12134402.000000
animation,2025,prehistoric-planet-03,2025,11,13517845,2252974.166667,6.000000,2025,6.000000,1.000000,13517845.000000
animation,2025,prehistoric-planet-03,2025,12,14975922,2495987.000000,6.000000,2025,6.000000,1.000000,14975922.000000
animation,2025,prehistoric-planet-03,2025,13,16351332,2725222.000000,6.000000,2025,6.000000,1.000000,16351332.000000
animation,2025,prehistoric-planet-03,2025,14,17522513,2920418.833333,6.000000,2025,6.000000,1.000000,17522513.000000
animation,2025,prehistoric-planet-03,2025,15,18753063,3125510.500000,6.000000,2025,6.000000,1.000000,18753063.000000
animation,2025,prehistoric-planet-03,2025,16,20012235,3335372.500000,6.000000,2025,6.000000,1.000000,20012235.000000
animation,2025,prehistoric-planet-03,2025,17,21291149,3548524.833333,6.000000,2025,6.000000,1.000000,21291149.000000
animation,2025,prehistoric-planet-03,2025,18,22591509,3765251.500000,6.000000,2025,6.000000,1.000000,22591509.000000
animation,2025,prehistoric-planet-03,2025,19,23825136,3970856.000000,6.000000,2025,6.000000,1.000000,23825136.000000
animation,2025,prehistoric-planet-03,2025,20,25035870,4172645.000000,6.000000,2025,6.000000,1.000000,25035870.000000
animation,2025,prehistoric-planet-03,2025,21,26109012,4351502.000000,6.000000,2025,6.000000,1.000000,26109012.000000
animation,2025,prehistoric-planet-03,2025,22,27158009,4526334.833333,6.000000,2025,6.000000,1.000000,27158009.000000
animation,2025,prehistoric-planet-03,2025,23,28197252,4699542.000000,6.000000,2025,6.000000,1.000000,28197252.000000
animation,2025,prehistoric-planet-03,2025,24,29153822,4858970.333333,6.000000,2025,6.000000,1.000000,29153822.000000
animation,2025,prehistoric-planet-03,2025,25,30342170,5057028.333333,6.000000,2025,6.000000,1.000000,30342170.000000
animation,2025,prehistoric-planet-03,2025,26,31466586,5244431.000000,6.000000,2025,6.000000,1.000000,31466586.000000
animation,2025,south-park-27,2025,1,853295,142215.833333,6.000000,2025,6.000000,1.000000,853295.000000
animation,2025,south-park-27,2025,2,1350507,225084.500000,6.000000,2025,6.000000,1.000000,1350507.000000
animation,2025,south-park-27,2025,3,2248333,374722.166667,6.000000,2025,6.000000,1.000000,2248333.000000
animation,2025,south-park-27,2025,4,2798004,466334.000000,6.000000,2025,6.000000,1.000000,2798004.000000
animation,2025,south-park-27,2025,5,3697336,616222.666667,6.000000,2025,6.000000,1.000000,3697336.000000
animation,2025,south-park-27,2025,6,4272112,712018.666667,6.000000,2025,6.000000,1.000000,4272112.000000
animation,2025,south-park-27,2025,7,5334896,889149.333333,6.000000,2025,6.000000,1.000000,5334896.000000
animation,2025,south-park-27,2025,8,6173228,1028871.333333,6.000000,2025,6.000000,1.000000,6173228.000000
animation,2025,south-park-27,2025,9,7137271,1189545.166667,6.000000,2025,6.000000,1.000000,7137271.000000
animation,2025,south-park-27,2025,10,8670533,1445088.833333,6.000000,2025,6.000000,1.000000,8670533.000000
animation,2025,south-park-27,2025,11,9923173,1653862.166667,6.000000,2025,6.000000,1.000000,9923173.000000
animation,2025,south-park-27,2025,12,10970996,1828499.333333,6.000000,2025,6.000000,1.000000,10970996.000000
animation,2025,south-park-27,2025,13,12153142,2025523.666667,6.000000,2025,6.000000,1.000000,12153142.000000
animation,2025,south-park-27,2025,14,13238854,2206475.666667,6.000000,2025,6.000000,1.000000,13238854.000000
animation,2025,south-park-27,2025,15,14281282,2380213.666667,6.000000,2025,6.000000,1.000000,14281282.000000
animation,2025,south-park-27,2025,16,15359483,2559913.833333,6.000000,2025,6.000000,1.000000,15359483.000000
animation,2025,south-park-27,2025,17,16752528,2792088.000000,6.000000,2025,6.000000,1.000000,16752528.000000
animation,2025,south-park-27,2025,18,18686317,3114386.166667,6.000000,2025,6.000000,1.000000,18686317.000000
animation,2025,south-park-27,2025,19,20615816,3435969.333333,6.000000,2025,6.000000,1.000000,20615816.000000
animation,2025,south-park-27,2025,20,22520736,3753456.000000,6.000000,2025,6.000000,1.000000,22520736.000000
animation,2025,south-park-27,2025,21,24543451,4090575.166667,6.000000,2025,6.000000,1.000000,24543451.000000
animation,2025,south-park-27,2025,22,26150121,4358353.500000,6.000000,2025,6.000000,1.000000,26150121.000000
animation,2025,south-park-27,2025,23,27865072,4644178.666667,6.000000,2025,6.000000,1.000000,27865072.000000
animation,2025,south-park-27,2025,24,29605217,4934202.833333,6.000000,2025,6.000000,1.000000,29605217.000000
animation,2025,south-park-27,2025,25,31404306,5234051.000000,6.000000,2025,6.000000,1.000000,31404306.000000
animation,2025,south-park-27,2025,26,33173187,5528864.500000,6.000000,2025,6.000000,1.000000,33173187.000000
animation,2025,star-wars-visions-03,2025,1,1117312,186218.666667,6.000000,2025,6.000000,1.000000,1117312.000000
animation,2025,star-wars-visions-03,2025,2,2766280,461046.666667,6.000000,2025,6.000000,1.000000,2766280.000000
animation,2025,star-wars-visions-03,2025,3,4650560,775093.333333,6.000000,2025,6.000000,1.000000,4650560.000000
animation,2025,star-wars-visions-03,2025,4,6700306,1116717.666667,6.000000,2025,6.000000,1.000000,6700306.000000
animation,2025,star-wars-visions-03,2025,5,8906793,1484465.500000,6.000000,2025,6.000000,1.000000,8906793.000000
animation,2025,star-wars-visions-03,2025,6,11326965,1887827.500000,6.000000,2025,6.000000,1.000000,11326965.000000
animation,2025,star-wars-visions-03,2025,7,13829717,2304952.833333,6.000000,2025,6.000000,1.000000,13829717.000000
animation,2025,star-wars-visions-03,2025,8,15961130,2660188.333333,6.000000,2025,6.000000,1.000000,15961130.000000
animation,2025,star-wars-visions-03,2025,9,18148777,3024796.166667,6.000000,2025,6.000000,1.000000,18148777.000000
animation,2025,star-wars-visions-03,2025,10,20634828,3439138.000000,6.000000,2025,6.000000,1.000000,20634828.000000
animation,2025,star-wars-visions-03,2025,11,23131579,3855263.166667,6.000000,2025,6.000000,1.000000,23131579.000000
animation,2025,star-wars-visions-03,2025,12,25521061,4253510.166667,6.000000,2025,6.000000,1.000000,25521061.000000
animation,2025,star-wars-visions-03,2025,13,27808812,4634802.000000,6.000000,2025,6.000000,1.000000,27808812.000000
animation,2025,star-wars-visions-03,2025,14,30060914,5010152.333333,6.000000,2025,6.000000,1.000000,30060914.000000
animation,2025,star-wars-visions-03,2025,15,32362561,5393760.166667,6.000000,2025,6.000000,1.000000,32362561.000000
animation,2025,star-wars-visions-03,2025,16,34614868,5769144.666667,6.000000,2025,6.000000,1.000000,34614868.000000
animation,2025,star-wars-visions-03,2025,17,36902482,6150413.666667,6.000000,2025,6.000000,1.000000,36902482.000000
animation,2025,star-wars-visions-03,2025,18,38824587,6470764.500000,6.000000,2025,6.000000,1.000000,38824587.000000
animation,2025,star-wars-visions-03,2025,19,40815572,6802595.333333,6.000000,2025,6.000000,1.000000,40815572.000000
animation,2025,star-wars-visions-03,2025,20,42917800,7152966.666667,6.000000,2025,6.000000,1.000000,42917800.000000
animation,2025,star-wars-visions-03,2025,21,44941432,7490238.666667,6.000000,2025,6.000000,1.000000,44941432.000000
animation,2025,star-wars-visions-03,2025,22,47060159,7843359.833333,6.000000,2025,6.000000,1.000000,47060159.000000
animation,2025,star-wars-visions-03,2025,23,49266470,8211078.333333,6.000000,2025,6.000000,1.000000,49266470.000000
animation,2025,star-wars-visions-03,2025,24,51357436,8559572.666667,6.000000,2025,6.000000,1.000000,51357436.000000
animation,2025,star-wars-visions-03,2025,25,53475123,8912520.500000,6.000000,2025,6.000000,1.000000,53475123.000000
animation,2025,star-wars-visions-03,2025,26,55376447,9229407.833333,6.000000,2025,6.000000,1.000000,55376447.000000
animation,2025,your-friendly-neighborhood-spider-man-01,2025,1,637644,106274.000000,6.000000,2025,6.000000,1.000000,637644.000000
animation,2025,your-friendly-neighborhood-spider-man-01,2025,2,2058822,343137.000000,6.000000,2025,6.000000,1.000000,2058822.000000
animation,2025,your-friendly-neighborhood-spider-man-01,2025,3,4268734,711455.666667,6.000000,2025,6.000000,1.000000,4268734.000000
animation,2025,your-friendly-neighborhood-spider-man-01,2025,4,6894748,1149124.666667,6.000000,2025,6.000000,1.000000,6894748.000000
animation,2025,your-friendly-neighborhood-spider-man-01,2025,5,9557817,1592969.500000,6.000000,2025,6.000000,1.000000,9557817.000000
animation,2025,your-friendly-neighborhood-spider-man-01,2025,6,12251087,2041847.833333,6.000000,2025,6.000000,1.000000,12251087.000000
animation,2025,your-friendly-neighborhood-spider-man-01,2025,7,14852374,2475395.666667,6.000000,2025,6.000000,1.000000,14852374.000000
animation,2025,your-friendly-neighborhood-spider-man-01,2025,8,17357625,2892937.500000,6.000000,2025,6.000000,1.000000,17357625.000000
animation,2025,your-friendly-neighborhood-spider-man-01,2025,9,19817111,3302851.833333,6.000000,2025,6.000000,1.000000,19817111.000000
animation,2025,your-friendly-neighborhood-spider-man-01,2025,10,21892405,3648734.166667,6.000000,2025,6.000000,1.000000,21892405.000000
animation,2025,your-friendly-neighborhood-spider-man-01,2025,11,24022889,4003814.833333,6.000000,2025,6.000000,1.000000,24022889.000000
animation,2025,your-friendly-neighborhood-spider-man-01,2025,12,26087219,4347869.833333,6.000000,2025,6.000000,1.000000,26087219.000000
animation,2025,your-friendly-neighborhood-spider-man-01,2025,13,28087960,4681326.666667,6.000000,2025,6.000000,1.000000,28087960.000000
animation,2025,your-friendly-neighborhood-spider-man-01,2025,14,30141220,5023536.666667,6.000000,2025,6.000000,1.000000,30141220.000000
animation,2025,your-friendly-neighborhood-spider-man-01,2025,15,32204246,5367374.333333,6.000000,2025,6.000000,1.000000,32204246.000000
animation,2025,your-friendly-neighborhood-spider-man-01,2025,16,34297745,5716290.833333,6.000000,2025,6.000000,1.000000,34297745.000000
animation,2025,your-friendly-neighborhood-spider-man-01,2025,17,36331052,6055175.333333,6.000000,2025,6.000000,1.000000,36331052.000000
animation,2025,your-friendly-neighborhood-spider-man-01,2025,18,38332902,6388817.000000,6.000000,2025,6.000000,1.000000,38332902.000000
animation,2025,your-friendly-neighborhood-spider-man-01,2025,19,40394602,6732433.666667,6.000000,2025,6.000000,1.000000,40394602.000000
animation,2025,your-friendly-neighborhood-spider-man-01,2025,20,42586901,7097816.833333,6.000000,2025,6.000000,1.000000,42586901.000000
animation,2025,your-friendly-neighborhood-spider-man-01,2025,21,44671265,7445210.833333,6.000000,2025,6.000000,1.000000,44671265.000000
animation,2025,your-friendly-neighborhood-spider-man-01,2025,22,46715230,7785871.666667,6.000000,2025,6.000000,1.000000,46715230.000000
animation,2025,your-friendly-neighborhood-spider-man-01,2025,23,48610154,8101692.333333,6.000000,2025,6.000000,1.000000,48610154.000000
animation,2025,your-friendly-neighborhood-spider-man-01,2025,24,50500832,8416805.333333,6.000000,2025,6.000000,1.000000,50500832.000000
animation,2025,your-friendly-neighborhood-spider-man-01,2025,25,52274476,8712412.666667,6.000000,2025,6.000000,1.000000,52274476.000000
animation,2025,your-friendly-neighborhood-spider-man-01,2025,26,54642109,9107018.166667,6.000000,2025,6.000000,1.000000,54642109.000000
animation,2026,beastars-03.2,2026,1,447483,73357.868852,6.100000,2025,6.000000,0.983607,440147.213115
animation,2026,beastars-03.2,2026,2,1255327,205791.311475,6.100000,2025,6.000000,0.983607,1234747.868852
animation,2026,beastars-03.2,2026,3,2034022,333446.229508,6.100000,2025,6.000000,0.983607,2000677.377049
animation,2026,beastars-03.2,2026,4,2779179,455603.114754,6.100000,2025,6.000000,0.983607,2733618.688525
animation,2026,beastars-03.2,2026,5,3600807,590296.229508,6.100000,2025,6.000000,0.983607,3541777.377049
animation,2026,beastars-03.2,2026,6,4444883,728669.344262,6.100000,2025,6.000000,0.983607,4372016.065574
animation,2026,beastars-03.2,2026,7,5244852,859811.803279,6.100000,2025,6.000000,0.983607,5158870.819672
animation,2026,beastars-03.2,2026,8,5959203,976918.524590,6.100000,2025,6.000000,0.983607,5861511.147541
animation,2026,beastars-03.2,2026,9,6634713,1087657.868852,6.100000,2025,6.000000,0.983607,6525947.213115
animation,2026,beastars-03.2,2026,10,7349169,1204781.803279,6.100000,2025,6.000000,0.983607,7228690.819672
animation,2026,beastars-03.2,2026,11,8157285,1337259.836066,6.100000,2025,6.000000,0.983607,8023559.016393
animation,2026,beastars-03.2,2026,12,8833510,1448116.393443,6.100000,2025,6.000000,0.983607,8688698.360656
animation,2026,beastars-03.2,2026,13,9550217,1565609.344262,6.100000,2025,6.000000,0.983607,9393656.065574
animation,2026,beastars-03.2,2026,14,10148903,1663754.590164,6.100000,2025,6.000000,0.983607,9982527.540984
animation,2026,beastars-03.2,2026,15,10889387,1785145.409836,6.100000,2025,6.000000,0.983607,10710872.459016
animation,2026,dinosaurs-01,2026,1,1120351,183664.098361,6.100000,2025,6.000000,0.983607,1101984.590164
animation,2026,dinosaurs-01,2026,2,2397979,393111.311475,6.100000,2025,6.000000,0.983607,2358667.868852
animation,2026,dinosaurs-01,2026,3,3715224,609053.114754,6.100000,2025,6.000000,0.983607,3654318.688525
animation,2026,dinosaurs-01,2026,4,4925929,807529.344262,6.100000,2025,6.000000,0.983607,4845176.065574
animation,2026,dinosaurs-01,2026,5,5989039,981809.672131,6.100000,2025,6.000000,0.983607,5890858.032787
animation,2026,dinosaurs-01,2026,6,7145433,1171382.459016,6.100000,2025,6.000000,0.983607,7028294.754098
animation,2026,dinosaurs-01,2026,7,8305765,1361600.819672,6.100000,2025,6.000000,0.983607,8169604.918033
animation,2026,dinosaurs-01,2026,8,9322107,1528214.262295,6.100000,2025,6.000000,0.983607,9169285.573770
animation,2026,dinosaurs-01,2026,9,10298966,1688355.081967,6.100000,2025,6.000000,0.983607,10130130.491803
animation,2026,dinosaurs-01,2026,10,11308489,1853850.655738,6.100000,2025,6.000000,0.983607,11123103.934426
animation,2026,dinosaurs-01,2026,11,12521089,2052637.540984,6.100000,2025,6.000000,0.983607,12315825.245902
animation,2026,dinosaurs-01,2026,12,13652184,2238062.950820,6.100000,2025,6.000000,0.983607,13428377.704918
animation,2026,dinosaurs-01,2026,13,14694734,2408972.786885,6.100000,2025,6.000000,0.983607,14453836.721311
animation,2026,dinosaurs-01,2026,14,15611431,2559250.983607,6.100000,2025,6.000000,0.983607,15355505.901639
animation,2026,dinosaurs-01,2026,15,16623629,2725185.081967,6.100000,2025,6.000000,0.983607,16351110.491803
animation,2026,dinosaurs-01,2026,16,17733860,2907190.163934,6.100000,2025,6.000000,0.983607,17443140.983607
animation,2026,maul-shadow-lord-101,2026,1,1793826,294069.836066,6.100000,2025,6.000000,0.983607,1764419.016393
animation,2026,maul-shadow-lord-101,2026,2,4038898,662114.426230,6.100000,2025,6.000000,0.983607,3972686.557377
animation,2026,maul-shadow-lord-101,2026,3,6290910,1031296.721311,6.100000,2025,6.000000,0.983607,6187780.327869
animation,2026,maul-shadow-lord-101,2026,4,8389444,1375318.688525,6.100000,2025,6.000000,0.983607,8251912.131148
animation,2026,maul-shadow-lord-101,2026,5,10512817,1723412.622951,6.100000,2025,6.000000,0.983607,10340475.737705
animation,2026,maul-shadow-lord-101,2026,6,12701831,2082267.377049,6.100000,2025,6.000000,0.983607,12493604.262295
animation,2026,maul-shadow-lord-101,2026,7,14972874,2454569.508197,6.100000,2025,6.000000,0.983607,14727417.049180
animation,2026,maul-shadow-lord-101,2026,8,17103369,2803830.983607,6.100000,2025,6.000000,0.983607,16822985.901639
animation,2026,maul-shadow-lord-101,2026,9,19002276,3115127.213115,6.100000,2025,6.000000,0.983607,18690763.278689
animation,2026,maul-shadow-lord-101,2026,10,20690965,3391961.475410,6.100000,2025,6.000000,0.983607,20351768.852459
animation,2026,maul-shadow-lord-101,2026,11,22942350,3761040.983607,6.100000,2025,6.000000,0.983607,22566245.901639
animation,2026,maul-shadow-lord-101,2026,12,25199197,4131015.901639,6.100000,2025,6.000000,0.983607,24786095.409836
animation,2026,maul-shadow-lord-101,2026,13,27170304,4454148.196721,6.100000,2025,6.000000,0.983607,26724889.180328
animation,2026,maul-shadow-lord-101,2026,14,29148868,4778502.950820,6.100000,2025,6.000000,0.983607,28671017.704918
animation,2026,maul-shadow-lord-101,2026,15,31003521,5082544.426230,6.100000,2025,6.000000,0.983607,30495266.557377
animation,2026,maul-shadow-lord-101,2026,16,32805663,5377977.540984,6.100000,2025,6.000000,0.983607,32267865.245902
animation,2026,maul-shadow-lord-101,2026,17,34594895,5671294.262295,6.100000,2025,6.000000,0.983607,34027765.573770
animation,2026,maul-shadow-lord-101,2026,18,36317574,5953700.655738,6.100000,2025,6.000000,0.983607,35722203.934426
animation,2026,maul-shadow-lord-101,2026,19,38018343,6232515.245902,6.100000,2025,6.000000,0.983607,37395091.475410
animation,2026,maul-shadow-lord-101,2026,20,39578326,6488250.163934,6.100000,2025,6.000000,0.983607,38929500.983607
animation,2026,maul-shadow-lord-101,2026,21,41123267,6741519.180328,6.100000,2025,6.000000,0.983607,40449115.081967
animation,2026,maul-shadow-lord-101,2026,22,42558018,6976724.262295,6.100000,2025,6.000000,0.983607,41860345.573770
animation,2026,maul-shadow-lord-101,2026,23,42754015,7008854.918033,6.100000,2025,6.000000,0.983607,42053129.508197
animation,2026,zootopia-2,2026,1,2321277,380537.213115,6.100000,2025,6.000000,0.983607,2283223.278689
animation,2026,zootopia-2,2026,2,4590538,752547.213115,6.100000,2025,6.000000,0.983607,4515283.278689
animation,2026,zootopia-2,2026,3,6991655,1146172.950820,6.100000,2025,6.000000,0.983607,6877037.704918
animation,2026,zootopia-2,2026,4,9413264,1543158.032787,6.100000,2025,6.000000,0.983607,9258948.196721
animation,2026,zootopia-2,2026,5,11551930,1893759.016393,6.100000,2025,6.000000,0.983607,11362554.098361
animation,2026,zootopia-2,2026,6,14198889,2327686.721311,6.100000,2025,6.000000,0.983607,13966120.327869
animation,2026,zootopia-2,2026,7,17272953,2831631.639344,6.100000,2025,6.000000,0.983607,16989789.836066
animation,2026,zootopia-2,2026,8,20476544,3356810.491803,6.100000,2025,6.000000,0.983607,20140862.950820
animation,2026,zootopia-2,2026,9,23572521,3864347.704918,6.100000,2025,6.000000,0.983607,23186086.229508
animation,2026,zootopia-2,2026,10,26757487,4386473.278689,6.100000,2025,6.000000,0.983607,26318839.672131
animation,2026,zootopia-2,2026,11,29879132,4898218.360656,6.100000,2025,6.000000,0.983607,29389310.163934
animation,2026,zootopia-2,2026,12,32817087,5379850.327869,6.100000,2025,6.000000,0.983607,32279101.967213
animation,2026,zootopia-2,2026,13,35497565,5819272.950820,6.100000,2025,6.000000,0.983607,34915637.704918
animation,2026,zootopia-2,2026,14,38066767,6240453.606557,6.100000,2025,6.000000,0.983607,37442721.639344
animation,2026,zootopia-2,2026,15,40646255,6663320.491803,6.100000,2025,6.000000,0.983607,39979922.950820
animation,2026,zootopia-2,2026,16,43491385,7129735.245902,6.100000,2025,6.000000,0.983607,42778411.475410
animation,2026,zootopia-2,2026,17,46201660,7574042.622951,6.100000,2025,6.000000,0.983607,45444255.737705
animation,2026,zootopia-2,2026,18,49012352,8034811.803279,6.100000,2025,6.000000,0.983607,48208870.819672
animation,2026,zootopia-2,2026,19,51402078,8426570.163934,6.100000,2025,6.000000,0.983607,50559420.983607
animation,2026,zootopia-2,2026,20,53947925,8843922.131148,6.100000,2025,6.000000,0.983607,53063532.786885
animation,2026,zootopia-2,2026,21,56832103,9316738.196721,6.100000,2025,6.000000,0.983607,55900429.180328
animation,2026,zootopia-2,2026,22,59589765,9768813.934426,6.100000,2025,6.000000,0.983607,58612883.606557
animation,2026,zootopia-2,2026,23,62143188,10187407.868852,6.100000,2025,6.000000,0.983607,61124447.213115
animation,2026,zootopia-2,2026,24,64641879,10597029.344262,6.100000,2025,6.000000,0.983607,63582176.065574
animation,2026,zootopia-2,2026,25,67031456,10988763.278689,6.100000,2025,6.000000,0.983607,65932579.672131
animation,2026,zootopia-2,2026,26,69382512,11374182.295082,6.100000,2025,6.000000,0.983607,68245093.770492
